Session,Level,Gold,Energy,Catches,Upgrades,Merges,Quests,BestRank,Tier,TeamPower,CreatureCount,SpeciesUnlocked,MergePairs,AffordableUpgrades,ViableActions,FunScore,AvgTraitRank
1,2,10.03,16.01,2.97,0.03,0.99,1,1.3,Common,10.62,1.99,2,0,0,1,15.04,0.34
2,3,10.32,15.24,5.94,0.37,1.76,2,2.06,Common,24.32,4.17,3,0,0,1,15.35,0.46
3,4,11.59,14.24,8.9,0.39,2.76,3,2.3,Common,37.57,6.13,3,0,3.78,2.89,15.16,0.53
4,4.66,14.32,13.24,11.83,0.6,3.76,4,2.63,Common,53.21,8.07,3.66,0.33,8.29,3.32,16.91,0.65
5,5,14.48,12.24,14.79,1.48,4.76,5,2.81,Common,68.86,10.03,4,1.14,15.78,3.9,22.67,0.73
6,5,15.79,12.24,16.75,2.41,5.77,6,2.88,Common,78.06,10.98,4,1.54,19.28,4,19.22,0.8
7,5.99,16.13,13.16,17.77,3.55,6.79,7,2.94,Common,81.62,10.98,4,1.53,19.14,4,16.78,0.89
8,6,17.46,14.09,18.79,4.72,7.81,8,3.1,Common,85.56,10.97,4,1.54,18.99,4,16.82,0.99
9,6,17.87,14.91,19.81,5.89,8.94,9,3.23,Common,89.08,10.87,4,1.53,18.46,4,16.91,1.1
10,6.15,19.01,15.58,20.94,7.05,10.09,10,3.35,Common,92.7,10.84,4.15,1.5,18.15,3.99,17.34,1.2
11,6.99,19.46,15.91,22.09,7.98,11.46,11,3.48,Common,95.22,10.63,4.99,1.39,17.23,3.97,16.5,1.31
12,7,20.56,15.93,23.46,8.78,12.93,12,3.65,Common,98.13,10.54,5,1.32,16.77,3.95,16.86,1.41
13,7,21.15,15.47,24.93,9.35,14.61,13,3.81,Common,99.82,10.32,5,1.19,15.89,3.91,16.63,1.5
14,7.1,22.24,14.8,26.61,9.9,16.38,14,3.95,Common,102.15,10.23,5,1.15,15.51,3.89,17.71,1.59
15,7.61,22.91,13.96,28.37,10.45,18.28,15,4.11,Common,104.52,10.1,5,1.07,15.02,3.89,18.82,1.68
16,7.97,23.93,13,30.28,11.08,20.23,16,4.31,Common,107.89,10.05,5,1.01,14.83,3.84,20.23,1.78
17,8,24.64,11.98,32.22,11.89,22.21,17,4.54,Uncommon,112.41,10.01,5,0.99,14.64,3.85,22.01,1.91
18,8,25.74,10.91,34.2,12.78,24.23,18,4.73,Uncommon,116.79,9.98,5,0.91,14.51,3.79,22.84,2.03
19,8.08,26.44,9.77,36.22,13.79,26.28,19,4.85,Uncommon,120.69,9.94,5,0.92,14.35,3.78,23.87,2.14
20,8.49,27.29,8.55,38.27,14.83,28.37,20,5.01,Uncommon,124.24,9.9,5,0.92,14.11,3.75,24.28,2.25
21,8.89,27.99,7.26,40.36,15.88,30.5,21,5.13,Uncommon,127.46,9.86,5,0.83,13.94,3.62,24.3,2.35
22,9,28.92,5.94,42.49,16.95,32.61,22,5.24,Uncommon,130.77,9.89,5,0.85,14.02,3.52,24.29,2.43
23,9,29.46,4.59,44.59,17.96,34.79,23,5.37,Uncommon,132.8,9.79,5,0.79,13.64,3.31,23.62,2.52
24,9,30.24,3.31,46.75,19.13,36.83,24,5.45,Uncommon,136.96,9.93,5,0.87,14.1,3.13,23.99,2.58
25,9,30.99,2.18,48.8,20.23,38.84,25,5.54,Uncommon,140.14,9.96,5,0.87,14.18,2.82,22.7,2.65
26,9,31.88,1.29,50.8,21.51,40.66,26,5.62,Uncommon,144.03,10.14,5,0.92,14.9,2.58,22.45,2.68
27,9.42,32.55,0.66,52.62,22.87,42.41,27,5.69,Uncommon,147.11,10.21,5.42,0.91,15.13,2.33,21.74,2.74
28,9.94,33.5,0.3,54.39,24.35,43.94,28,5.77,Uncommon,152.39,10.45,5.94,0.96,15.98,2.18,21.23,2.78
29,10,34.06,0.12,55.92,25.82,45.53,29,5.87,Uncommon,155.45,10.39,6,0.88,15.64,2.06,20.51,2.88
30,10,35.08,0.05,57.5,27.42,46.92,30,5.95,Uncommon,159.96,10.58,6,0.96,16.37,2.02,20.39,2.92
31,10,35.42,0.03,58.89,28.92,48.47,31,6.04,Uncommon,161.6,10.42,6,0.84,15.73,2.02,19.85,3.02
32,10,36.35,0.01,60.44,30.45,49.86,32,6.12,Uncommon,165.78,10.57,6,0.91,16.36,2.01,19.91,3.06
33,10,36.87,0,61.83,31.98,51.4,33,6.21,Uncommon,167.32,10.43,6,0.84,15.84,2,19.9,3.16
34,10,37.41,0,63.38,33.53,52.79,34,6.28,Uncommon,171.49,10.58,6,0.89,16.42,2,19.94,3.19
35,10,38.11,0,64.77,35.1,54.34,35,6.4,Uncommon,173,10.43,6,0.74,15.87,2,20.04,3.29
36,10,38.67,0,66.32,36.72,55.72,36,6.48,Uncommon,177.42,10.6,6,0.84,16.59,2,20.21,3.33
37,10,39.22,0,67.69,38.29,57.29,37,6.58,Uncommon,178.09,10.4,6,0.74,15.87,2,20.06,3.43
38,10,39.84,0,69.25,39.93,58.65,38,6.65,Uncommon,182.3,10.6,6,0.88,16.71,2,20.41,3.45
39,10.34,40.46,0,70.62,41.59,60.21,39,6.72,Uncommon,183.59,10.4,6,0.77,15.89,2,20.54,3.57
40,10.89,41.17,0,72.17,43.27,61.57,40,6.81,Uncommon,187.79,10.6,6,0.85,16.7,2,20.58,3.58
41,11,41.82,0,73.55,44.93,63.13,41,6.89,Uncommon,188.84,10.42,6,0.74,15.97,2,20.56,3.69
42,11,42.18,0,75.11,46.66,64.5,42,6.94,Uncommon,192.85,10.62,6,0.83,16.66,2,20.67,3.7
43,11,42.91,0,76.46,48.37,66.07,43,7,Uncommon,193.13,10.39,6,0.76,15.79,2,20.62,3.81
44,11,43.38,0,78.02,50.1,67.42,44,7.06,Uncommon,197,10.6,6,0.8,16.6,2,20.54,3.81
45,11,44.07,0,79.4,51.81,68.96,45,7.14,Uncommon,197.45,10.43,6,0.77,15.89,2,20.64,3.9
46,11,44.32,0,80.95,53.54,70.35,46,7.19,Uncommon,201.49,10.6,6,0.82,16.49,2,20.62,3.92
47,11,45.2,0,82.33,55.23,71.9,47,7.27,Uncommon,201.97,10.44,6,0.75,15.85,2,20.3,4.02
48,11,45.6,0,83.87,56.94,73.29,48,7.32,Uncommon,205.67,10.58,6,0.8,16.38,2,20.34,4.03
49,11,46.13,0,85.28,58.62,74.83,49,7.4,Uncommon,206.73,10.45,6,0.73,15.75,2,20.1,4.12
50,11,46.56,0,86.79,60.32,76.24,50,7.45,Uncommon,209.56,10.55,6,0.78,16.12,2,20.14,4.14
51,11,47.18,0,88.2,61.99,77.76,51,7.51,Uncommon,210.47,10.44,6,0.76,15.65,2,20.13,4.22
52,11,47.84,0,89.72,63.69,79.17,52,7.58,Uncommon,213.38,10.55,6,0.76,16.04,2,20.29,4.23
53,11,47.96,0,91.15,65.37,80.68,53,7.64,Uncommon,214.82,10.47,6,0.74,15.62,2,20.32,4.31
54,11,48.39,0,92.66,67.04,82.12,54,7.69,Uncommon,217.46,10.54,6,0.8,15.83,2,20.3,4.34
55,11.03,48.74,0,94.1,68.72,83.63,55,7.75,Uncommon,218.62,10.47,6,0.76,15.5,2,20.34,4.4
56,11.4,49.29,0,95.59,70.37,85.05,56,7.81,Uncommon,221.03,10.54,6,0.79,15.73,2,20.09,4.43
57,11.89,49.89,0,97.03,72.03,86.56,57,7.86,Uncommon,223.16,10.47,6,0.79,15.33,2,20.3,4.52
58,12,50.22,0,98.52,73.67,87.99,58,7.93,Uncommon,226.53,10.53,6,0.81,15.5,2,20.16,4.56
59,12,50.82,0,99.96,75.35,89.48,59,8.01,Uncommon,228.49,10.48,6,0.74,15.24,2,20.37,4.64
60,12,50.97,0,101.44,77.03,90.91,60,8.08,Uncommon,231.01,10.53,6,0.73,15.34,2,20.31,4.67
61,12,51.97,0,102.88,78.73,92.4,61,8.15,Uncommon,232.33,10.47,6,0.74,15.05,2,20.42,4.74
62,12,52.13,0,104.37,80.42,93.8,62,8.2,Uncommon,235.67,10.57,6,0.74,15.26,2,20.27,4.76
63,12,52.56,0,105.77,82.15,95.32,63,8.26,Uncommon,235.31,10.45,6,0.72,14.74,2,20.47,4.84
64,12,52.79,0,107.28,83.85,96.72,64,8.35,Uncommon,238.45,10.56,6,0.77,15.1,2,20.29,4.84
65,12,53.58,0,108.68,85.61,98.23,65,8.42,Uncommon,239.06,10.46,6,0.73,14.74,2,20.5,4.92
66,12,53.74,0,110.21,87.35,99.62,66,8.48,Uncommon,242.42,10.59,6,0.79,15.05,2,20.35,4.93
67,12,54.61,0,111.58,89.02,101.17,67,8.56,Rare,242.06,10.4,6,0.69,14.46,2,20.03,5.02
68,12,54.89,0,113.13,90.74,102.54,68,8.6,Rare,246.28,10.6,6,0.78,15.14,2,20.32,5.01
69,12,55.3,0,114.49,92.5,104.09,69,8.65,Rare,246.38,10.4,6,0.67,14.41,2,20.57,5.12
70,12,55.38,0,116.04,94.26,105.44,70,8.71,Rare,249.59,10.6,6,0.79,14.98,2,20.63,5.09
71,12,56.3,0,117.41,96.01,107,71,8.75,Rare,249.08,10.41,6,0.7,14.36,2,20.63,5.19
72,12,56.08,0,118.96,97.75,108.35,72,8.78,Rare,252.6,10.61,6,0.76,14.97,2,20.57,5.16
73,12,56.51,0,120.32,99.45,109.92,73,8.85,Rare,252.12,10.4,6,0.7,14.22,2,20.46,5.27
74,12,56.73,0,121.9,101.17,111.28,74,8.88,Rare,255.97,10.62,6,0.78,14.83,2,20.62,5.24
75,12,57.2,0,123.25,102.88,112.84,75,8.95,Rare,255.46,10.41,6,0.72,14.32,2,20.53,5.35
76,12,57.37,0,124.81,104.59,114.2,76,9,Rare,258.86,10.61,6,0.81,15.03,2,20.44,5.32
77,12,57.94,0,126.16,106.31,115.75,77,9.05,Rare,258.27,10.4,6,0.67,14.32,2,20.48,5.42
78,12,58.11,0,127.73,108.02,117.1,78,9.11,Rare,261.08,10.63,6,0.76,15.25,2,20.47,5.36
79,12.1,58.85,0,129.08,109.68,118.69,79,9.18,Rare,260.09,10.39,6,0.63,14.27,2,20.27,5.48
80,12.5,58.73,0,130.65,111.39,120.03,80,9.25,Rare,263.55,10.61,6,0.75,15.2,2,20.39,5.42
81,12.9,59.32,0,132,113.07,121.61,81,9.31,Rare,262.45,10.39,6,0.68,14.27,2,20.34,5.54
82,12.99,59.06,0,133.57,114.78,122.95,82,9.35,Rare,266.18,10.62,6,0.76,15.13,2,20.49,5.48
83,13,60.39,0,134.93,116.44,124.54,83,9.42,Rare,265.19,10.39,6,0.67,14.26,2,20.36,5.6
84,13,60.16,0,136.5,118.17,125.89,84,9.46,Rare,268.19,10.61,6,0.77,15.1,2,20.52,5.54
85,13,60.85,0,137.85,119.84,127.44,85,9.52,Rare,267.69,10.41,6,0.68,14.26,2,20.35,5.66
86,13,60.99,0,139.39,121.54,128.81,86,9.56,Rare,270.95,10.58,6,0.76,14.89,2,20.47,5.62
87,13,61.9,0,140.78,123.25,130.34,87,9.62,Rare,271.14,10.44,6,0.66,14.22,2,20.53,5.72
88,13,61.68,0,142.31,125,131.73,88,9.66,Rare,273.6,10.59,6,0.74,14.67,2,20.67,5.68
89,13,62.73,0,143.7,126.75,133.25,89,9.73,Rare,272.73,10.45,6,0.74,14.16,2,20.63,5.76
90,13,62.35,0,145.21,128.53,134.63,90,9.79,Rare,275.67,10.58,6,0.78,14.61,2,20.72,5.74
91,13,62.75,0,146.61,130.28,136.16,90.99,9.84,Rare,275.37,10.46,6,0.71,13.98,2,20.6,5.82
92,13,62.85,0,148.12,132.02,137.56,91.99,9.87,Rare,277.16,10.55,6,0.76,14.28,2,20.43,5.8
93,13,63.29,0,149.53,133.73,139.05,92.99,9.93,Rare,277.41,10.49,6,0.73,13.88,2,20.35,5.86
94,13,64.2,0,151,135.49,140.48,93.99,9.98,Rare,278.62,10.52,6,0.71,13.92,2,20.51,5.86
95,13,64.87,0,152.46,137.25,141.97,94.99,10.02,Rare,279.36,10.49,6,0.68,13.66,2,20.56,5.9
96,13,64.59,0,153.93,138.98,143.42,95.99,10.07,Rare,280.7,10.51,6,0.68,13.69,2,20.5,5.91
97,13,64.91,0,155.39,140.77,144.87,96.99,10.1,Rare,281.86,10.52,6,0.68,13.63,2,20.74,5.94
98,13,64.88,0,156.85,142.55,146.34,97.99,10.15,Rare,283,10.5,6,0.7,13.44,2,20.62,5.97
99,13,65.5,0,158.31,144.34,147.8,98.99,10.2,Rare,283.71,10.51,6,0.69,13.39,2,20.7,5.99
100,13,65.56,0,159.77,146.1,149.26,99.99,10.26,Rare,284.83,10.51,6,0.73,13.29,2,20.51,6.01
101,13,65.88,0,161.24,147.84,150.71,100.99,10.31,Rare,285.88,10.53,6,0.7,13.26,2,20.49,6.03
102,13,65.95,0,162.69,149.6,152.18,101.98,10.37,Rare,286.49,10.5,6,0.69,12.99,2,20.36,6.06
103,13,67.02,0,164.14,151.37,153.64,102.98,10.42,Rare,287.12,10.5,6,0.7,13,2,20.44,6.08
104,13,66.82,0,165.6,153.13,155.09,103.98,10.47,Rare,288.25,10.51,6,0.72,12.82,2,20.44,6.11
105,13,67.14,0,167.06,154.9,156.54,104.98,10.5,Rare,288.91,10.52,6,0.71,12.8,2,20.42,6.11
106,13,67.44,0,168.52,156.64,158.02,105.97,10.55,Rare,290.11,10.5,6,0.71,12.52,2,20.26,6.16
107,13,68,0,169.98,158.38,159.46,106.97,10.59,Rare,291.35,10.53,6,0.73,12.57,2,20.17,6.17
108,13,67.49,0,171.43,160.12,160.95,107.97,10.64,Rare,291.46,10.48,6,0.68,12.25,1.99,20.17,6.2
109,13,68.73,0,172.91,161.89,162.39,108.96,10.69,Rare,292.26,10.52,6,0.71,12.34,2,20.32,6.19
110,13,68.3,0,174.35,163.62,163.87,109.96,10.73,Rare,293.02,10.48,6,0.69,12.01,1.99,20.21,6.24
111,13,68.51,0,175.85,165.38,165.32,110.96,10.77,Rare,294.55,10.53,6,0.7,12.09,2,20.49,6.24
112,13.03,68.83,0,177.29,167.1,166.79,111.95,10.81,Rare,294.62,10.5,6,0.76,11.94,2,20.19,6.27
113,13.22,69.15,0,178.74,168.86,168.23,112.94,10.84,Rare,295.61,10.51,6,0.75,11.84,1.99,20.22,6.28
114,13.59,69.64,0,180.18,170.61,169.71,113.93,10.88,Rare,295.6,10.48,6,0.7,11.68,1.99,20.23,6.3
115,13.9,69.36,0,181.65,172.4,171.14,114.91,10.93,Rare,297.46,10.52,6,0.77,11.67,1.99,20.55,6.32
116,13.99,68.79,0,183.1,174.17,172.59,115.89,10.98,Rare,298.91,10.51,6,0.76,11.47,1.99,20.48,6.37
117,14,70.24,0,184.56,175.96,174.05,116.89,11.03,Rare,300.21,10.51,6,0.74,11.42,1.99,20.62,6.39
118,14,69.94,0,186.01,177.77,175.5,117.87,11.07,Rare,301.05,10.51,6,0.75,11.29,1.99,20.54,6.42
119,14,70.45,0,187.46,179.58,176.97,118.86,11.13,Rare,302.38,10.49,6,0.75,11.08,2,20.64,6.46
120,14,70.06,0,188.93,181.39,178.41,119.85,11.17,Rare,302.69,10.52,6,0.78,11.13,1.99,20.68,6.45
121,14,71.15,0,190.37,183.18,179.87,120.83,11.2,Rare,303.8,10.5,6,0.76,11.07,1.99,20.58,6.49
122,14,71.2,0,191.85,185.02,181.31,121.83,11.23,Rare,304.66,10.54,6,0.77,11.18,2,20.81,6.48
123,14,71.21,0,193.28,186.8,182.79,122.81,11.28,Rare,304.93,10.49,6,0.75,10.97,1.99,20.42,6.53
124,14,71.12,0,194.76,188.6,184.22,123.8,11.32,Rare,306.07,10.53,6,0.75,10.99,1.99,20.38,6.53
125,14,72.58,0,196.17,190.41,185.7,124.79,11.37,Rare,306.37,10.47,6,0.72,10.76,2,20.4,6.58
126,14,72.27,0,197.65,192.24,187.13,125.78,11.41,Rare,307.33,10.52,6,0.75,10.81,2,20.59,6.57
127,14,72.3,0,199.08,194.07,188.6,126.76,11.46,Rare,308.19,10.48,6,0.68,10.59,1.99,20.5,6.61
128,14,72.42,0,200.57,195.9,190.03,127.74,11.51,Epic,309.07,10.54,6,0.74,10.87,1.99,20.67,6.6
129,14,73.38,0,201.99,197.75,191.51,128.73,11.54,Epic,309.07,10.48,6,0.72,10.65,1.99,20.7,6.63
130,14,72.2,0,203.45,199.59,192.95,129.71,11.57,Epic,310.12,10.5,6,0.79,10.6,1.99,20.73,6.65
131,14,73.38,0,204.92,201.42,194.4,130.69,11.61,Epic,311.04,10.52,6,0.77,10.68,1.99,20.67,6.65
132,14,73.65,0,206.35,203.26,195.86,131.67,11.65,Epic,311.86,10.48,6,0.74,10.36,1.99,20.7,6.71
133,14,74.3,0,207.82,205.14,197.3,132.65,11.7,Epic,312.4,10.52,6,0.74,10.57,2,20.89,6.68
134,14,74,0,209.26,206.97,198.76,133.62,11.74,Epic,313.71,10.5,6,0.79,10.42,1.98,20.66,6.74
135,14,74.52,0,210.71,208.85,200.21,134.6,11.77,Epic,314.33,10.5,6,0.79,10.31,1.99,20.86,6.75
136,14,74.36,0,212.18,210.71,201.66,135.57,11.79,Epic,315.8,10.53,6,0.8,10.37,1.98,20.83,6.76
137,14,75.46,0,213.61,212.59,203.12,136.55,11.83,Epic,315.13,10.49,6,0.79,10.26,1.99,20.92,6.78
138,14,74.32,0,215.09,214.47,204.54,137.52,11.86,Epic,316.93,10.55,6,0.8,10.49,1.98,20.95,6.78
139,14,74.96,0,216.5,216.33,206.03,138.5,11.9,Epic,316.92,10.47,6,0.78,10.16,1.99,20.88,6.84
140,14,74.21,0,217.99,218.19,207.44,139.47,11.93,Epic,318.51,10.55,6,0.86,10.36,1.98,20.64,6.82
141,14,74.87,0,219.41,220.06,208.94,140.44,11.97,Epic,317.83,10.47,6,0.78,10.11,1.99,20.92,6.86
142,14,75.28,0,220.9,221.92,210.36,141.41,12,Epic,318.8,10.54,6,0.79,10.45,1.98,20.74,6.83
143,14,75.28,0,222.32,223.8,211.84,142.38,12.04,Epic,319.04,10.48,6,0.82,10.19,2,20.93,6.89
144,14,75.91,0,223.8,225.67,213.27,143.36,12.07,Epic,319.98,10.53,6,0.8,10.45,1.99,20.86,6.87
145,14.01,76.18,0,225.23,227.54,214.73,144.34,12.09,Epic,320.73,10.5,6,0.75,10.26,1.99,20.92,6.9
146,14.09,76.07,0,226.7,229.38,216.18,145.32,12.13,Epic,321.36,10.52,6,0.79,10.29,1.99,20.75,6.92
147,14.37,76.83,0,228.14,231.24,217.65,146.29,12.16,Epic,321.78,10.49,6,0.78,10.12,1.98,20.64,6.95
148,14.71,76.69,0,229.61,233.13,219.07,147.26,12.2,Epic,322.92,10.54,6,0.79,10.31,1.99,20.85,6.93
149,14.92,76.93,0,231.04,234.98,220.56,148.24,12.22,Epic,322.86,10.48,6,0.72,10.12,1.98,20.79,6.98
150,14.99,77.78,0,232.52,236.88,221.97,149.21,12.25,Epic,324.52,10.55,6,0.74,10.35,1.99,20.83,6.96
151,15,77.74,0,233.94,238.77,223.46,150.18,12.28,Epic,323.67,10.48,6,0.77,10.2,1.99,20.94,6.99
152,15,77.85,0,235.42,240.64,224.88,151.15,12.32,Epic,324.44,10.54,6,0.79,10.42,1.98,20.68,6.97
153,15,77.51,0,236.85,242.54,226.37,152.11,12.36,Epic,324.96,10.48,6,0.78,10.08,1.99,20.71,7.03
154,15,77.84,0,238.33,244.42,227.79,153.07,12.38,Epic,326,10.54,6,0.82,10.27,1.98,20.73,7.01
155,15,77.88,0,239.75,246.32,229.27,154.05,12.41,Epic,325.52,10.48,6,0.77,10.14,1.99,20.88,7.04
156,15,78.28,0,241.24,248.23,230.69,155.01,12.46,Epic,326.83,10.55,6,0.84,10.46,1.99,20.76,7.01
157,15,78.33,0,242.63,250.09,232.19,155.96,12.49,Epic,325.96,10.45,6,0.8,10.04,1.98,20.46,7.09
158,15,79.77,0,244.13,251.98,233.58,156.93,12.52,Epic,327.75,10.56,6,0.85,10.46,1.99,20.82,7.04
159,15,78.8,0,245.54,253.86,235.05,157.88,12.54,Epic,327.44,10.49,6,0.8,10.14,1.99,20.74,7.1
160,15,78.95,0,247.02,255.73,236.49,158.84,12.57,Epic,328.93,10.53,6,0.85,10.28,1.99,20.73,7.09
161,15,78.55,0,248.45,257.61,237.96,159.79,12.61,Epic,327.78,10.48,6,0.84,10.24,1.99,20.68,7.1
162,15,79.04,0,249.93,259.48,239.41,160.74,12.64,Epic,328.76,10.52,6,0.8,10.36,2,20.81,7.09
163,15,79.19,0,251.38,261.38,240.87,161.71,12.68,Epic,328.69,10.51,6,0.83,10.42,1.99,20.97,7.1
164,15,79.89,0,252.83,263.26,242.31,162.67,12.7,Epic,329.44,10.52,6,0.85,10.49,1.99,20.82,7.11
165,15,79.69,0,254.28,265.15,243.76,163.63,12.74,Epic,330.04,10.53,6,0.81,10.43,1.98,20.82,7.13
166,15,79.54,0,255.72,267.03,245.24,164.57,12.78,Epic,330.15,10.49,6,0.82,10.33,1.98,20.7,7.15
167,15,79.51,0,257.2,268.93,246.67,165.51,12.82,Epic,331.31,10.53,6,0.88,10.48,1.99,20.61,7.15
168,15,80.24,0,258.63,270.84,248.15,166.48,12.86,Epic,330.8,10.48,6,0.86,10.39,1.99,20.93,7.18
169,15,79.59,0,260.12,272.73,249.58,167.43,12.88,Epic,332.48,10.54,6,0.86,10.52,1.98,20.86,7.18
170,15,80.95,0,261.55,274.63,251.07,168.4,12.93,Epic,331.85,10.48,6,0.82,10.4,2,20.92,7.2
171,15,81.07,0,263.04,276.52,252.51,169.35,12.96,Epic,332.49,10.53,6,0.8,10.59,1.99,20.77,7.18
172,15,80.57,0,264.46,278.43,253.98,170.3,13,Epic,333.05,10.48,6,0.8,10.29,1.99,20.66,7.23
173,15,81.44,0,265.94,280.33,255.39,171.25,13.02,Epic,334.41,10.55,6,0.84,10.57,1.98,20.76,7.21
174,15,80.46,0,267.36,282.22,256.9,172.19,13.06,Epic,334.07,10.46,6,0.86,10.2,1.99,20.58,7.27
175,15,81.51,0,268.87,284.14,258.31,173.15,13.08,Epic,334.91,10.56,6,0.85,10.62,2,20.9,7.22
176,15,81.51,0,270.29,286.05,259.83,174.1,13.1,Epic,334.38,10.46,6,0.87,10.27,1.99,20.86,7.29
177,15,81.72,0,271.8,287.96,261.24,175.05,13.13,Epic,336.32,10.56,6,0.91,10.53,1.99,20.74,7.26
178,15,81.38,0,273.21,289.84,262.74,175.99,13.16,Epic,336.12,10.46,6,0.84,10.2,1.98,20.66,7.33
179,15.04,80.89,0,274.69,291.72,264.16,176.94,13.19,Epic,337.39,10.53,6,0.85,10.37,1.97,20.54,7.3
180,15.21,81.99,0,276.13,293.62,265.62,177.88,13.22,Epic,337.99,10.51,6,0.84,10.17,1.97,20.57,7.34
181,15.5,81.18,0,277.58,295.51,267.09,178.81,13.24,Epic,337.3,10.49,6,0.89,10.19,1.98,20.52,7.33
182,15.77,81.11,0,279.04,297.41,268.52,179.74,13.26,Epic,337.78,10.52,6,0.91,10.35,1.98,20.5,7.33
183,15.94,82.72,0,280.47,299.29,269.99,180.69,13.3,Epic,337.82,10.48,6,0.86,10.15,1.98,20.61,7.37
184,15.99,81.33,0,281.96,301.18,271.41,181.61,13.31,Epic,338.94,10.55,6,0.88,10.43,1.98,20.39,7.33
185,16,81.64,0,283.36,303.08,272.9,182.53,13.34,Epic,338.32,10.46,6,0.9,10.09,1.98,20.35,7.39
186,16,82.89,0,284.86,305,274.31,183.48,13.38,Epic,339.45,10.56,6,0.93,10.58,1.98,20.65,7.34
187,16,82.24,0,286.26,306.89,275.79,184.39,13.4,Epic,338.44,10.47,6,0.9,10.38,1.98,20.32,7.38
188,16,82.48,0,287.76,308.81,277.2,185.33,13.43,Epic,339.54,10.56,6,0.95,10.73,1.99,20.6,7.34
189,16,83.32,0,289.16,310.7,278.71,186.28,13.45,Epic,338.56,10.45,6,0.87,10.4,1.98,20.55,7.41
190,16,83.48,0,290.66,312.61,280.1,187.21,13.49,Epic,340.65,10.55,6,0.88,10.73,1.99,20.48,7.37
191,16,83.53,0,292.06,314.53,281.6,188.15,13.52,Epic,339.47,10.45,6,0.88,10.38,1.99,20.61,7.42
192,16,83.62,0,293.57,316.45,283.01,189.09,13.54,Epic,340.99,10.56,6,0.9,10.77,1.98,20.74,7.38
193,16,83.62,0,294.98,318.37,284.52,190.01,13.56,Epic,341.03,10.47,6,0.86,10.35,1.98,20.61,7.45
194,16,83.2,0,296.46,320.29,285.94,190.93,13.58,Epic,341.64,10.52,6,0.93,10.51,1.99,20.52,7.42
195,16,83.74,0,297.89,322.2,287.42,191.86,13.6,Epic,341.64,10.47,6,0.94,10.41,1.98,20.66,7.46
196,16,83.66,0,299.37,324.08,288.85,192.79,13.62,Epic,343.08,10.53,6,0.93,10.52,1.98,20.81,7.44
197,16,83.35,0,300.81,326,290.32,193.71,13.63,Epic,343.58,10.49,6,0.89,10.35,1.98,20.85,7.49
198,16,82.99,0,302.27,327.93,291.76,194.64,13.65,Epic,344.34,10.51,6,0.91,10.5,1.99,20.91,7.48
199,16,84.01,0,303.71,329.85,293.2,195.59,13.67,Epic,344.7,10.51,6,0.91,10.46,1.99,21.06,7.5
200,16,84.42,0,305.15,331.76,294.66,196.53,13.7,Epic,344.72,10.49,6,0.85,10.38,1.99,20.96,7.52
201,16,84.48,0,306.61,333.7,296.07,197.47,13.73,Epic,345.47,10.54,6,0.92,10.52,1.98,21.02,7.5
202,16,84.42,0,308.03,335.61,297.57,198.4,13.77,Epic,344.53,10.46,6,0.91,10.24,1.99,20.98,7.54
203,16,85.17,0,309.53,337.55,298.95,199.34,13.79,Epic,346.63,10.58,6,0.94,10.68,1.99,21.04,7.5
204,16,85.05,0,310.91,339.48,300.49,200.26,13.82,Epic,345.2,10.43,6,0.89,10.2,1.98,21.01,7.58
205,16,84.44,0,312.46,341.43,301.86,201.18,13.84,Epic,347.31,10.59,6,1.02,10.79,1.99,20.95,7.49
206,16,84.15,0,313.84,343.31,303.39,202.09,13.86,Epic,346.48,10.45,6,0.92,10.26,1.97,20.53,7.6
207,16,85.1,0,315.34,345.23,304.77,203.02,13.88,Epic,347.87,10.57,6,1.01,10.67,1.99,20.68,7.53
208,16,83.88,0,316.72,347.14,306.29,203.92,13.91,Epic,345.92,10.43,6,0.94,10.24,1.98,20.48,7.6
209,16,85.19,0,318.24,349.08,307.66,204.83,13.93,Epic,347.42,10.58,6,1.05,10.94,1.99,20.73,7.51
210,16,85.03,0,319.64,351.01,309.18,205.75,13.96,Epic,345.43,10.46,6,0.95,10.63,1.98,20.81,7.57
211,16,85.58,0,321.15,352.96,310.58,206.66,13.97,Epic,347.76,10.57,6,0.99,11.09,1.99,20.72,7.53
212,16.02,85.38,0,322.53,354.89,312.09,207.6,14.01,Epic,346.27,10.44,6,0.89,10.65,1.98,20.69,7.6
213,16.09,85.77,0,324.05,356.83,313.48,208.53,14.03,Epic,348.56,10.58,6,0.96,11.07,1.99,20.75,7.55
214,16.3,85.79,0,325.44,358.74,315,209.46,14.05,Epic,347.78,10.45,6,0.89,10.56,1.98,20.6,7.64
215,16.59,86.9,0,326.96,360.65,316.38,210.4,14.08,Epic,350,10.58,6,0.9,10.99,1.98,20.57,7.58
216,16.82,86.11,0,328.34,362.58,317.91,211.32,14.11,Epic,348.92,10.43,6,0.86,10.35,1.99,20.52,7.68
217,16.94,87.07,0,329.86,364.52,319.28,212.26,14.12,Epic,350.95,10.58,6,0.93,10.9,1.99,20.64,7.6
218,16.99,86.77,0,331.25,366.47,320.82,213.19,14.15,Epic,349.04,10.43,6,0.86,10.32,2,20.8,7.69
219,17,85.42,0,332.77,368.39,322.19,214.1,14.18,Epic,351.61,10.59,6,1.01,10.8,1.98,20.47,7.63
220,17,87.22,0,334.16,370.33,323.7,215.04,14.21,Epic,351.12,10.46,6,0.95,10.3,1.99,20.82,7.72
221,17,86.52,0,335.67,372.26,325.1,215.97,14.23,Epic,352.57,10.57,6,0.93,10.68,1.99,20.53,7.67
222,17,87.09,0,337.07,374.17,326.6,216.89,14.26,Epic,351.9,10.46,6,0.92,10.3,1.97,20.4,7.74
223,17,86.43,0,338.57,376.1,328.02,217.8,14.28,Epic,353.21,10.55,6,0.99,10.58,1.98,20.36,7.7
224,17,86.39,0,339.99,378.04,329.52,218.71,14.3,Epic,351.97,10.46,6,0.99,10.35,1.99,20.39,7.75
225,17,86.6,0,341.49,379.95,330.93,219.61,14.32,Epic,352.62,10.56,6,1,10.78,1.98,20.26,7.68
226,17,86.38,0,342.9,381.88,332.44,220.52,14.35,Epic,351.85,10.46,6,0.92,10.53,1.99,20.23,7.73
227,17,87.96,0,344.39,383.8,333.84,221.46,14.38,Epic,352.39,10.54,6,0.92,10.87,1.98,20.51,7.69
228,17,87.9,0,345.8,385.73,335.33,222.38,14.4,Epic,351.5,10.47,6,0.87,10.67,1.98,20.5,7.72
229,17,86.95,0,347.3,387.66,336.75,223.27,14.41,Epic,352.81,10.55,6,0.98,11,1.98,20.17,7.7
230,17,87.27,0,348.7,389.58,338.23,224.18,14.44,Epic,352.31,10.47,6,1,10.71,1.98,20.3,7.75
231,17,87.02,0,350.2,391.53,339.64,225.08,14.46,Epic,352.79,10.56,6,1.03,11.15,1.98,20.33,7.69
232,17,88.76,0,351.62,393.48,341.15,226.02,14.49,Epic,352.55,10.47,6,0.93,10.89,1.99,20.69,7.75
233,17,88,0,353.11,395.45,342.6,226.94,14.51,Legendary,353.01,10.51,6,0.94,11.05,1.99,20.53,7.73
234,17,88.05,0,354.54,397.4,344.05,227.85,14.52,Legendary,353.26,10.49,6,0.96,10.91,1.99,20.56,7.76
235,17,88.84,0,356,399.35,345.49,228.78,14.54,Legendary,354.54,10.51,6,0.96,10.92,2,20.74,7.77
236,17,87.36,0,357.46,401.3,346.92,229.67,14.58,Legendary,354.29,10.54,6,1,11.11,1.99,20.47,7.74
237,17,88.65,0,358.88,403.24,348.4,230.58,14.61,Legendary,353.84,10.48,6,0.97,10.95,1.99,20.48,7.78
238,17,87.24,0,360.36,405.19,349.84,231.48,14.62,Legendary,354.28,10.52,6,1,11.1,1.99,20.56,7.76
239,17,89.41,0,361.78,407.12,351.3,232.4,14.64,Legendary,355.35,10.48,6,0.96,10.85,1.99,20.65,7.82
240,17,88.12,0,363.27,409.07,352.71,233.31,14.67,Legendary,356.69,10.56,6,0.95,11.09,1.99,20.64,7.78
241,17,89.96,0,364.67,411.02,354.2,234.23,14.68,Legendary,355.94,10.47,6,0.97,10.82,1.99,20.64,7.84
242,17,89.29,0,366.16,412.98,355.63,235.14,14.7,Legendary,357.02,10.53,6,1.02,10.94,1.99,20.62,7.82
243,17,90.72,0,367.58,414.92,357.09,236.08,14.72,Legendary,356.28,10.49,6,0.93,10.89,1.98,20.79,7.83
244,17,90.37,0,369.06,416.89,358.52,237.01,14.74,Legendary,356.92,10.54,6,0.93,11.04,1.99,20.9,7.81
245,17,89.44,0,370.47,418.8,359.99,237.9,14.76,Legendary,356.12,10.48,6,0.95,10.87,1.98,20.15,7.85
246,17.04,89.35,0,371.97,420.74,361.4,238.81,14.77,Legendary,357.43,10.56,6,1.04,11.24,1.99,20.46,7.8
247,17.17,89.42,0,373.36,422.69,362.93,239.71,14.79,Legendary,356.06,10.43,6,0.94,10.73,1.99,20.46,7.89
248,17.39,88.34,0,374.89,424.62,364.33,240.59,14.82,Legendary,358.31,10.56,6,1.01,11.16,1.99,20.32,7.82
249,17.66,90.59,0,376.3,426.56,365.83,241.51,14.84,Legendary,357.98,10.47,6,1,10.85,1.98,20.76,7.89
250,17.85,88.38,0,377.8,428.49,367.21,242.4,14.86,Legendary,359.58,10.59,6,1.03,11.17,1.98,20.3,7.84
251,17.94,90.15,0,379.17,430.42,368.74,243.31,14.89,Legendary,357.22,10.43,6,0.96,10.73,1.98,20.41,7.92
252,17.99,88.56,0,380.71,432.37,370.12,244.22,14.91,Legendary,359.84,10.58,6,1,11.26,1.99,20.51,7.85
253,18,89.95,0,382.1,434.3,371.65,245.12,14.92,Legendary,357.78,10.45,6,0.92,10.92,1.99,20.35,7.92
254,18,89.09,0,383.61,436.24,373.03,246.01,14.94,Legendary,360.03,10.58,6,1.06,11.32,1.98,20.08,7.86
255,18,89.71,0,385,438.16,374.56,246.89,14.95,Legendary,358.53,10.44,6,0.98,10.81,1.98,20.04,7.95
256,18,88.77,0,386.51,440.11,375.96,247.77,14.97,Legendary,360.04,10.56,6,1.04,11.32,1.99,20.1,7.87
257,18,91.84,0,387.92,442.04,377.46,248.68,14.99,Legendary,357.5,10.46,6,1.02,11.15,1.99,20.34,7.9
258,18,89.91,0,389.41,443.98,378.86,249.57,15.01,Legendary,359.41,10.55,6,1.01,11.35,1.98,20.23,7.87
259,18,89.8,0,390.82,445.91,380.34,250.45,15.04,Legendary,358.96,10.48,6,1.02,11.2,1.98,20.06,7.91
260,18,89.86,0,392.28,447.84,381.79,251.32,15.06,Legendary,360.09,10.5,6,1.07,11.27,1.98,20.14,7.92
261,18,90.74,0,393.74,449.79,383.25,252.22,15.07,Legendary,360.71,10.49,6,1.04,11.2,1.99,20.55,7.94
262,18,90.8,0,395.21,451.73,384.68,253.13,15.09,Legendary,360.94,10.53,6,1.08,11.44,1.99,20.69,7.91
263,18,90.87,0,396.64,453.69,386.16,254.04,15.1,Legendary,360.35,10.48,6,0.98,11.3,1.99,20.71,7.94
264,18,90.34,0,398.13,455.63,387.59,254.9,15.11,Legendary,361.48,10.54,6,1.05,11.55,1.99,20.28,7.91
265,18,90.85,0,399.55,457.59,389.08,255.81,15.13,Legendary,360.84,10.47,6,1.02,11.33,1.99,20.64,7.96
266,18,92.03,0,401.03,459.54,390.5,256.72,15.15,Legendary,362.08,10.53,6,0.98,11.55,1.99,20.71,7.93
267,18,91.6,0,402.46,461.51,391.99,257.63,15.16,Legendary,361.93,10.47,6,1,11.22,2,20.87,7.99
268,18,91.28,0,403.95,463.47,393.38,258.53,15.19,Legendary,363.72,10.57,6,1.03,11.55,2,20.66,7.95
269,18,92.71,0,405.34,465.42,394.88,259.45,15.19,Legendary,362.72,10.46,6,0.96,11.12,1.99,20.8,8.02
270,18,91.16,0,406.84,467.38,396.28,260.35,15.21,Legendary,364.54,10.56,6,1.05,11.43,1.99,20.58,7.97
271,18,92.52,0,408.23,469.31,397.79,261.26,15.23,Legendary,362.91,10.44,6,0.96,11.11,1.98,20.56,8.03
272,18,92.16,0,409.76,471.28,399.17,262.15,15.26,Legendary,365.33,10.58,6,1.03,11.56,1.99,20.63,7.97
273,18,90.71,0,411.15,473.21,400.71,263.04,15.27,Legendary,363.98,10.44,6,0.98,10.96,1.98,20.38,8.07
274,18,91.39,0,412.67,475.17,402.07,263.94,15.3,Legendary,365.7,10.6,6,1.05,11.57,1.99,20.53,7.98
275,18,90.69,0,414.05,477.11,403.62,264.82,15.32,Legendary,363.75,10.42,6,1.03,10.94,1.99,20.27,8.08
276,18,93.05,0,415.58,479.06,405,265.73,15.34,Legendary,365.38,10.58,6,1.13,11.6,1.99,20.47,7.98
277,18,91.59,0,416.97,481.02,406.53,266.62,15.35,Legendary,364.49,10.44,6,0.99,11.01,1.99,20.48,8.08
278,18,92.45,0,418.49,482.98,407.92,267.52,15.36,Legendary,366.27,10.57,6,1.07,11.5,1.99,20.37,8.03
279,18.02,92.45,0,419.88,484.94,409.42,268.43,15.38,Legendary,364.97,10.45,6,0.98,11.13,1.99,20.53,8.09
280,18.09,92.43,0,421.39,486.9,410.84,269.32,15.4,Legendary,366.21,10.55,6,1,11.46,1.99,20.47,8.04
281,18.22,93.16,0,422.8,488.86,412.34,270.23,15.42,Legendary,365.33,10.47,6,1.04,11.2,1.99,20.52,8.09
282,18.45,91.67,0,424.29,490.82,413.75,271.1,15.45,Legendary,366.52,10.54,6,1.09,11.44,1.99,20.29,8.05
283,18.68,92.78,0,425.7,492.77,415.24,271.99,15.47,Legendary,366.37,10.46,6,1.06,11.11,1.99,20.55,8.12
284,18.84,92.37,0,427.21,494.74,416.62,272.89,15.48,Legendary,367.7,10.58,6,1.09,11.56,1.99,20.68,8.04
285,18.95,93.06,0,428.59,496.68,418.15,273.79,15.49,Legendary,367.15,10.43,6,0.94,10.91,1.99,20.7,8.16
286,18.99,91.16,0,430.11,498.65,419.51,274.65,15.51,Legendary,369.49,10.6,6,1.07,11.43,1.99,20.36,8.07
287,19,92.57,0,431.48,500.6,421.05,275.53,15.52,Legendary,366.65,10.43,6,1.04,10.92,1.99,20.45,8.17
288,19,92.01,0,433,502.56,422.39,276.41,15.54,Legendary,368.68,10.61,6,1.15,11.62,1.99,20.44,8.05
289,19,92.67,0,434.37,504.49,423.92,277.29,15.57,Legendary,366.38,10.44,6,1.01,11.2,1.98,20.25,8.14
290,19,93.75,0,435.89,506.45,425.3,278.17,15.59,Legendary,368.02,10.59,6,1.12,11.74,1.99,20.13,8.05
291,19,92.83,0,437.27,508.39,426.83,279.03,15.61,Legendary,366,10.43,6,1.13,11.29,1.98,19.86,8.14
292,19,90.95,0,438.79,510.34,428.22,279.86,15.62,Legendary,367.88,10.58,6,1.18,11.77,1.99,19.76,8.07
293,19,92.45,0,440.18,512.26,429.73,280.74,15.63,Legendary,366.27,10.45,6,1.1,11.41,1.98,20,8.13
294,19,93.97,0,441.69,514.2,431.12,281.63,15.64,Legendary,367.92,10.57,6,1.09,11.88,1.99,20.11,8.08
295,19,93.19,0,443.08,516.16,432.65,282.51,15.66,Legendary,367.05,10.44,6,1.06,11.31,1.99,20.14,8.17
296,19,93.11,0,444.6,518.11,434.04,283.37,15.67,Legendary,368.5,10.56,6,1.14,11.84,1.99,20.1,8.09
297,19,93.93,0,446,520.07,435.55,284.26,15.68,Legendary,367.67,10.45,6,1.03,11.42,1.99,20.31,8.17
298,19,92.93,0,447.49,522.02,436.94,285.13,15.69,Legendary,369.92,10.56,6,1.11,11.73,1.98,20.15,8.13
299,19,93.64,0,448.91,523.97,438.44,286,15.7,Legendary,369.32,10.47,6,1.07,11.39,1.99,20.34,8.19
300,19,93.07,0,450.41,525.93,439.87,286.88,15.72,Legendary,369.93,10.55,6,1.12,11.65,1.99,20.4,8.14
301,19,93.53,0,451.82,527.88,441.37,287.76,15.73,Legendary,368.55,10.45,6,1.07,11.43,1.99,20.33,8.19
302,19,92.05,0,453.34,529.83,442.74,288.59,15.75,Legendary,370.51,10.61,6,1.15,12.03,1.99,19.94,8.1
303,19,93.65,0,454.71,531.78,444.29,289.47,15.76,Legendary,367.9,10.41,6,1.06,11.39,1.98,20.27,8.21
304,19,93.02,0,456.24,533.74,445.64,290.33,15.78,Legendary,369.57,10.6,6,1.18,12.17,1.99,20,8.09
305,19,92.65,0,457.62,535.7,447.18,291.18,15.79,Legendary,367.6,10.43,6,1.13,11.59,1.99,20.02,8.19
306,19,94.11,0,459.13,537.66,448.56,292.06,15.8,Legendary,369.12,10.57,6,1.15,12.15,1.99,20.23,8.11
307,19,94.68,0,460.54,539.6,450.08,292.95,15.82,Legendary,368.57,10.46,6,1.1,11.77,1.99,20.27,8.19
308,19,93.61,0,462.04,541.56,451.48,293.81,15.83,Legendary,370.6,10.56,6,1.12,11.99,1.99,20.08,8.15
309,19,94.77,0,463.43,543.51,452.99,294.67,15.85,Legendary,369.23,10.44,6,1.1,11.55,1.99,19.99,8.22
310,19,93.49,0,464.94,545.49,454.38,295.52,15.85,Legendary,370.22,10.55,6,1.16,12.01,1.99,20.11,8.15
311,19,93.62,0,466.35,547.44,455.89,296.38,15.87,Legendary,369.45,10.45,6,1.12,11.72,1.98,20.28,8.21
312,19,94.21,0,467.85,549.4,457.29,297.25,15.9,Legendary,371.06,10.56,6,1.14,12.11,2,20.35,8.15
313,19.03,94.06,0,469.26,551.35,458.79,298.13,15.91,Legendary,371.47,10.47,6,1.08,11.66,1.98,20.34,8.24
314,19.09,94.45,0,470.74,553.31,460.19,299,15.92,Legendary,372.86,10.55,6,1.12,11.88,2,20.33,8.2
315,19.25,93.29,0,472.15,555.26,461.68,299.87,15.94,Legendary,371.7,10.48,6,1.09,11.63,1.98,20.22,8.24
316,19.44,92.7,0,473.64,557.21,463.12,300.71,15.97,Legendary,371.43,10.52,6,1.11,11.87,1.99,20.14,8.2
317,19.67,96.03,0,475.09,559.17,464.6,301.62,15.98,Legendary,371.77,10.48,6,1.05,11.77,1.99,20.72,8.24
318,19.87,94.12,0,476.58,561.15,466.05,302.48,15.99,Legendary,372.29,10.53,6,1.08,11.96,2,20.49,8.21
319,19.95,95.81,0,478.02,563.11,467.52,303.37,16.01,Legendary,372.6,10.5,6,1.12,11.85,1.99,20.45,8.25
320,19.98,93.46,0,479.48,565.08,468.95,304.21,16.02,Legendary,372.07,10.53,6,1.13,11.99,2,20,8.22
321,19.99,95.26,0,480.91,567.03,470.41,305.08,16.04,Legendary,372.49,10.5,6,1.12,11.81,1.99,20.11,8.24
322,20,92.92,0,482.37,568.99,471.86,305.92,16.05,Legendary,373.38,10.51,6,1.19,11.83,1.99,19.84,8.26
323,20,94.94,0,483.82,570.97,473.32,306.78,16.06,Legendary,373.68,10.5,6,1.16,11.77,1.99,20.15,8.28
324,20,94.93,0,485.28,572.92,474.75,307.64,16.07,Legendary,373.71,10.53,6,1.18,11.94,1.99,20.04,8.25
325,20,94.79,0,486.71,574.9,476.2,308.5,16.09,Legendary,373.31,10.51,6,1.14,11.96,2,19.98,8.26
326,20,95.69,0,488.15,576.85,477.65,309.37,16.1,Legendary,373.27,10.5,6,1.14,11.89,1.99,19.97,8.28
327,20,95.8,0,489.61,578.82,479.09,310.24,16.11,Legendary,374,10.52,6,1.12,11.9,1.99,20.15,8.27
328,20,95.69,0,491.06,580.78,480.57,311.09,16.12,Legendary,373.97,10.48,6,1.13,11.77,1.99,20,8.3
329,20,96.76,0,492.53,582.75,481.98,311.96,16.14,Legendary,375.21,10.55,6,1.14,12.02,1.99,20.21,8.28
330,20,94.27,0,493.94,584.71,483.47,312.81,16.14,Legendary,373.87,10.47,6,1.11,11.75,1.99,19.96,8.32
331,20,95.4,0,495.44,586.68,484.89,313.67,16.15,Legendary,375.43,10.56,6,1.18,12.15,1.99,20.15,8.27
332,20,95.48,0,496.83,588.64,486.39,314.53,16.16,Legendary,374.8,10.44,6,1.13,11.61,1.99,20.09,8.36
333,20,94.82,0,498.34,590.6,487.79,315.37,16.17,Legendary,376.32,10.55,6,1.19,12.06,2,20.02,8.29
334,20,95.58,0,499.75,592.56,489.28,316.22,16.19,Legendary,374.8,10.47,6,1.11,11.91,1.99,20.08,8.33
335,20,97.27,0,501.23,594.53,490.69,317.09,16.21,Legendary,375.27,10.54,6,1.06,12.24,1.99,20.41,8.27
336,20,94.8,0,502.66,596.48,492.18,317.93,16.22,Legendary,375.27,10.49,6,1.14,12.02,1.99,20.02,8.32
337,20,97.02,0,504.14,598.44,493.61,318.81,16.23,Legendary,375.3,10.53,6,1.15,12.25,2,20.38,8.29
338,20,93.67,0,505.58,600.41,495.08,319.63,16.24,Legendary,374.57,10.5,6,1.16,12.14,1.99,19.9,8.31
339,20,96.08,0,507.01,602.36,496.53,320.51,16.25,Legendary,374.39,10.48,6,1.2,12.12,1.99,20.26,8.31
340,20,94.99,0,508.51,604.32,497.97,321.35,16.27,Legendary,375.75,10.54,6,1.14,12.33,1.99,20.24,8.29
341,20,96.56,0,509.93,606.29,499.45,322.22,16.28,Legendary,375.45,10.48,6,1.12,12.08,1.99,20.3,8.33
342,20,95.61,0,511.41,608.25,500.88,323.07,16.29,Legendary,377.27,10.53,6,1.12,12.1,1.99,20.07,8.34
343,20,97.71,0,512.84,610.22,502.35,323.96,16.31,Legendary,376.18,10.49,6,1.09,12.03,2,20.43,8.34
344,20,96.22,0,514.31,612.19,503.79,324.81,16.32,Legendary,377.2,10.53,6,1.09,12.13,1.99,20.06,8.34
345,20,95.26,0,515.75,614.15,505.24,325.66,16.34,Legendary,377.34,10.51,6,1.16,12.08,1.99,19.94,8.35
346,20.01,96.28,0,517.19,616.08,506.7,326.51,16.35,Legendary,377.6,10.49,6,1.15,12.03,1.98,19.84,8.39
347,20.04,95.96,0,518.65,618.04,508.13,327.35,16.36,Legendary,377.73,10.52,6,1.22,12.09,1.99,19.89,8.36
348,20.11,97,0,520.11,619.98,509.6,328.19,16.38,Legendary,376.51,10.51,6,1.26,12.23,1.99,19.92,8.35
349,20.25,94.95,0,521.55,621.94,511.05,329,16.39,Legendary,377.07,10.5,6,1.26,12.25,1.99,19.6,8.36
350,20.45,97.45,0,523,623.89,512.49,329.85,16.4,Legendary,376.77,10.51,6,1.2,12.36,1.99,19.92,8.35
351,20.65,96.75,0,524.46,625.86,513.95,330.69,16.42,Legendary,376.75,10.5,6,1.18,12.28,1.99,19.98,8.35
352,20.84,96.39,0,525.9,627.82,515.41,331.51,16.43,Legendary,376.44,10.5,6,1.24,12.28,1.99,19.78,8.36
353,20.94,94.35,0,527.37,629.79,516.87,332.34,16.44,Legendary,377.56,10.5,6,1.22,12.24,1.99,19.96,8.37
354,20.98,96.77,0,528.82,631.75,518.33,333.22,16.46,Legendary,376.95,10.5,6,1.14,12.31,2,20.4,8.37
355,20.99,97.09,0,530.28,633.71,519.77,334.08,16.47,Legendary,377.56,10.51,6,1.15,12.33,1.99,20.25,8.36
356,21,95.42,0,531.74,635.68,521.22,334.91,16.49,Legendary,378.1,10.52,6,1.18,12.32,1.99,20.09,8.37
357,21,94.48,0,533.18,637.63,522.67,335.73,16.49,Legendary,378.56,10.51,6,1.26,12.22,1.99,19.74,8.4
358,21,97.2,0,534.64,639.6,524.13,336.59,16.51,Mythic,379.3,10.51,6,1.25,12.29,2,20.29,8.4
359,21,96.07,0,536.09,641.56,525.6,337.44,16.52,Mythic,378.61,10.49,6,1.19,12.26,1.99,20.09,8.4
360,21,97.89,0,537.56,643.52,527.03,338.3,16.53,Mythic,379.22,10.52,6,1.19,12.31,2,20.21,8.39
361,21,96.01,0,539,645.48,528.5,339.12,16.54,Mythic,379.23,10.5,6,1.17,12.19,1.99,19.85,8.42
362,21,96.86,0,540.47,647.45,529.94,339.96,16.55,Mythic,379.53,10.53,6,1.22,12.27,1.99,20.07,8.4
363,21,95.2,0,541.89,649.42,531.41,340.78,16.56,Mythic,380.05,10.49,6,1.24,12.13,1.99,19.76,8.45
364,21,98.65,0,543.37,651.39,532.83,341.65,16.57,Mythic,379.97,10.54,6,1.21,12.53,1.99,20.24,8.39
365,21,96.74,0,544.79,653.35,534.31,342.49,16.59,Mythic,379.66,10.48,6,1.15,12.19,1.99,19.93,8.45
366,21,97.65,0,546.27,655.32,535.73,343.33,16.6,Mythic,380.45,10.55,6,1.24,12.54,2,20.08,8.4
367,21,96.78,0,547.7,657.29,537.22,344.18,16.6,Mythic,379.66,10.47,6,1.2,12.25,2,20.13,8.44
368,21,97.95,0,549.19,659.27,538.62,345.03,16.61,Mythic,381.38,10.57,6,1.23,12.51,2,20.02,8.4
369,21,99.12,0,550.59,661.24,540.12,345.9,16.61,Mythic,380.26,10.48,6,1.18,12.32,1.99,20.02,8.46
370,21,96.18,0,552.07,663.21,541.54,346.7,16.62,Mythic,381.08,10.53,6,1.25,12.45,2,19.44,8.43
371,21,95.58,0,553.49,665.16,543.02,347.52,16.63,Mythic,380.55,10.47,6,1.24,12.27,1.99,19.57,8.48
372,21,97.8,0,554.98,667.14,544.43,348.37,16.63,Mythic,381.55,10.55,6,1.19,12.65,2,20,8.41
373,21,96.73,0,556.37,669.09,545.9,349.2,16.64,Mythic,380.34,10.47,6,1.2,12.29,1.99,19.64,8.47
374,21,98.39,0,557.86,671.06,547.31,350.05,16.65,Mythic,381.51,10.55,6,1.19,12.6,2,20.04,8.42
375,21,96.02,0,559.27,673.02,548.82,350.87,16.67,Mythic,380.97,10.45,6,1.19,12.25,1.99,19.74,8.49
376,21,97.35,0,560.78,675,550.2,351.7,16.67,Mythic,382.53,10.58,6,1.28,12.76,2,20,8.41
377,21,98.19,0,562.15,676.96,551.73,352.55,16.68,Mythic,381.36,10.43,6,1.13,12.14,1.99,20.18,8.52
378,21,97.88,0,563.67,678.93,553.09,353.38,16.69,Mythic,382.92,10.57,6,1.22,12.67,1.99,20.08,8.43
379,21,100.16,0,565.06,680.9,554.62,354.26,16.7,Mythic,381.86,10.44,6,1.16,12.14,1.99,20.65,8.52
380,21.01,97.67,0,566.59,682.87,556,355.09,16.7,Mythic,383.95,10.59,6,1.21,12.6,1.99,20.16,8.44
381,21.04,97.17,0,567.96,684.85,557.51,355.9,16.71,Mythic,382.3,10.45,6,1.21,12.13,2,20.05,8.53
382,21.11,99.61,0,569.49,686.81,558.9,356.77,16.72,Mythic,383.93,10.58,6,1.25,12.68,1.99,20.3,8.46
383,21.24,96.73,0,570.87,688.78,560.44,357.59,16.73,Mythic,381.99,10.43,6,1.11,12.11,2,19.95,8.54
384,21.42,98.26,0,572.41,690.74,561.81,358.42,16.74,Mythic,384.28,10.6,6,1.26,12.67,1.99,19.87,8.46
385,21.63,96.79,0,573.78,692.71,563.35,359.24,16.75,Mythic,382.78,10.43,6,1.24,12.04,2,19.88,8.57
386,21.81,98.31,0,575.3,694.67,564.71,360.07,16.75,Mythic,384.33,10.59,6,1.29,12.7,1.99,19.79,8.47
387,21.93,96.52,0,576.69,696.63,566.22,360.89,16.77,Mythic,383.31,10.46,6,1.21,12.17,1.99,19.66,8.55
388,21.98,97.73,0,578.18,698.6,567.64,361.73,16.78,Mythic,383.1,10.54,6,1.25,12.63,1.99,19.84,8.48
389,21.99,96.73,0,579.6,700.56,569.13,362.55,16.79,Mythic,383.62,10.47,6,1.16,12.22,2,19.67,8.56
390,21.99,96.64,0,581.08,702.52,570.54,363.37,16.79,Mythic,384.33,10.54,6,1.26,12.5,1.99,19.78,8.52
391,22,98.28,0,582.51,704.5,572.03,364.22,16.8,Mythic,384.08,10.48,6,1.19,12.29,2,20.18,8.56
392,22,97.99,0,583.98,706.47,573.45,365.04,16.81,Mythic,385.06,10.53,6,1.19,12.4,1.99,19.99,8.54
393,22,98.68,0,585.41,708.43,574.93,365.88,16.82,Mythic,385.13,10.48,6,1.21,12.21,2,20,8.58
394,22,98.58,0,586.89,710.4,576.36,366.7,16.84,Mythic,386.25,10.52,6,1.26,12.32,1.99,19.99,8.57
395,22,98.87,0,588.33,712.36,577.84,367.54,16.84,Mythic,386.05,10.49,6,1.2,12.13,1.99,20.07,8.6
396,22,98.43,0,589.8,714.33,579.28,368.36,16.85,Mythic,386.17,10.53,6,1.23,12.26,1.99,19.94,8.57
397,22,97.64,0,591.24,716.3,580.75,369.17,16.85,Mythic,386.19,10.49,6,1.26,12.2,1.99,19.84,8.6
398,22,99.09,0,592.7,718.28,582.19,369.98,16.86,Mythic,385.74,10.51,6,1.29,12.43,1.99,19.86,8.56
399,22,97.63,0,594.14,720.25,583.62,370.78,16.87,Mythic,386.01,10.53,6,1.29,12.5,1.99,19.72,8.56
400,22,98.55,0,595.57,722.21,585.09,371.6,16.88,Mythic,385.47,10.48,6,1.28,12.27,1.99,19.84,8.59
401,22,97.74,0,597.05,724.18,586.54,372.41,16.89,Mythic,386,10.51,6,1.26,12.34,2,19.92,8.58
402,22,99.43,0,598.5,726.15,588,373.25,16.9,Mythic,386.88,10.5,6,1.22,12.21,1.99,20.18,8.6
403,22,99.55,0,599.97,728.12,589.43,374.08,16.91,Mythic,387.22,10.53,6,1.24,12.4,1.99,19.97,8.58
404,22,98.98,0,601.39,730.1,590.92,374.9,16.92,Mythic,386.82,10.48,6,1.2,12.12,2,19.92,8.63
405,22,97.16,0,602.88,732.06,592.32,375.69,16.93,Mythic,388.73,10.56,6,1.31,12.39,1.99,19.48,8.6
406,22,98.67,0,604.29,734.03,593.83,376.5,16.94,Mythic,387.15,10.45,6,1.31,12.16,1.99,19.83,8.66
407,22,98.57,0,605.77,736.01,595.24,377.33,16.96,Mythic,387.6,10.53,6,1.32,12.56,1.99,19.91,8.59
408,22,97.06,0,607.21,737.96,596.71,378.13,16.97,Mythic,387.35,10.49,6,1.27,12.39,1.99,19.89,8.62
409,22,98.07,0,608.68,739.93,598.15,378.95,16.98,Mythic,387.43,10.53,6,1.3,12.6,2,19.9,8.59
410,22,97.62,0,610.12,741.89,599.62,379.76,16.98,Mythic,387.23,10.5,6,1.31,12.61,1.99,19.85,8.61
411,22,100.4,0,611.57,743.87,601.06,380.6,16.99,Mythic,388.21,10.51,6,1.24,12.61,2,20.11,8.63
412,22,98.5,0,613.03,745.83,602.51,381.42,17,Mythic,388.06,10.52,6,1.25,12.63,1.99,19.97,8.61
413,22,99.22,0,614.47,747.81,603.97,382.23,17.01,Mythic,388.1,10.5,6,1.29,12.53,1.99,19.87,8.63
414,22.01,97.99,0,615.92,749.79,605.41,383.05,17.02,Mythic,389.09,10.51,6,1.27,12.46,2,19.93,8.65
415,22.03,100.07,0,617.37,751.76,606.85,383.87,17.02,Mythic,389.77,10.52,6,1.3,12.55,2,19.93,8.65
416,22.1,98.93,0,618.82,753.74,608.32,384.69,17.03,Mythic,389.25,10.5,6,1.26,12.45,2,20.06,8.66
417,22.22,96.51,0,620.3,755.72,609.77,385.48,17.04,Mythic,388.84,10.53,6,1.33,12.7,2,19.7,8.62
418,22.38,99.56,0,621.73,757.69,611.23,386.32,17.04,Mythic,388.41,10.5,6,1.25,12.6,2,19.97,8.65
419,22.58,98.56,0,623.18,759.66,612.67,387.14,17.05,Mythic,388.35,10.52,6,1.24,12.71,2,19.87,8.63
420,22.77,100.72,0,624.62,761.64,614.14,387.98,17.06,Mythic,387.62,10.48,6,1.24,12.61,2,20.15,8.64
421,22.89,97.43,0,626.1,763.6,615.55,388.77,17.07,Mythic,388.7,10.55,6,1.29,12.81,1.99,19.7,8.62
422,22.96,97.97,0,627.51,765.58,617.02,389.58,17.09,Mythic,388.47,10.49,6,1.33,12.52,2,19.71,8.66
423,22.99,99.61,0,628.98,767.55,618.46,390.41,17.09,Mythic,389.4,10.53,6,1.23,12.69,1.99,19.89,8.65
424,22.99,100.05,0,630.42,769.52,619.91,391.23,17.1,Mythic,389.12,10.51,6,1.21,12.64,1.99,19.78,8.66
425,23,97.68,0,631.88,771.48,621.36,392.03,17.11,Mythic,389.07,10.52,6,1.25,12.72,1.99,19.57,8.66
426,23,100.39,0,633.31,773.45,622.83,392.86,17.12,Mythic,388.35,10.49,6,1.2,12.69,1.99,19.87,8.66
427,23,98.28,0,634.76,775.42,624.25,393.65,17.13,Mythic,389.47,10.51,6,1.3,12.72,1.99,19.5,8.66
428,23,99.11,0,636.22,777.38,625.7,394.47,17.14,Mythic,390.36,10.52,6,1.26,12.63,1.99,19.85,8.67
429,23,97.59,0,637.66,779.36,627.16,395.26,17.15,Mythic,390.93,10.51,6,1.3,12.56,1.99,19.62,8.71
430,23,100.68,0,639.11,781.33,628.62,396.1,17.16,Mythic,390.4,10.49,6,1.24,12.61,2,20.05,8.7
431,23,98.08,0,640.58,783.31,630.03,396.89,17.17,Mythic,390.89,10.55,6,1.31,12.84,2,19.6,8.65
432,23,99.74,0,642,785.28,631.51,397.71,17.18,Mythic,390.19,10.49,6,1.27,12.64,2,19.73,8.69
433,23,98.78,0,643.47,787.26,632.93,398.5,17.19,Mythic,391.67,10.54,6,1.37,12.74,2,19.5,8.69
434,23,101.09,0,644.9,789.22,634.43,399.33,17.2,Mythic,391.1,10.47,6,1.29,12.52,2,19.8,8.74
435,23,98.34,0,646.4,791.2,635.83,400.12,17.21,Mythic,392.81,10.57,6,1.28,12.73,2,19.41,8.69
436,23,98.95,0,647.79,793.17,637.36,400.91,17.22,Mythic,391.68,10.44,6,1.3,12.27,1.99,19.33,8.79
437,23,99.73,0,649.32,795.15,638.73,401.73,17.22,Mythic,393.54,10.59,6,1.37,12.78,2,19.6,8.69
438,23,101.71,0,650.7,797.12,640.27,402.55,17.23,Mythic,392.45,10.43,6,1.17,12.06,2,19.67,8.81
439,23,98.72,0,652.23,799.09,641.67,403.35,17.23,Mythic,394.13,10.56,6,1.31,12.52,2,19.45,8.73
440,23,100.71,0,653.63,801.06,643.17,404.17,17.25,Mythic,392.84,10.46,6,1.27,12.23,1.99,19.55,8.79
441,23,98.92,0,655.12,803.04,644.58,404.96,17.26,Mythic,393.9,10.54,6,1.28,12.51,1.99,19.46,8.74
442,23,101.34,0,656.53,804.99,646.07,405.8,17.27,Mythic,393.3,10.46,6,1.21,12.21,1.99,19.73,8.8
443,23,95.73,0,658.01,806.96,647.46,406.55,17.28,Mythic,394.22,10.55,6,1.36,12.46,1.99,19.06,8.74
444,23,99.34,0,659.43,808.93,648.95,407.36,17.28,Mythic,393.45,10.48,6,1.33,12.32,1.99,19.64,8.78
445,23,98.3,0,660.89,810.87,650.35,408.15,17.29,Mythic,394.75,10.53,6,1.35,12.45,1.98,19.2,8.77
446,23,99.09,0,662.3,812.83,651.81,408.95,17.3,Mythic,393.51,10.49,6,1.3,12.36,1.99,19.42,8.78
447,23,99.38,0,663.77,814.79,653.23,409.76,17.3,Mythic,394.78,10.54,6,1.34,12.55,1.99,19.61,8.76
448,23.01,100.39,0,665.19,816.76,654.71,410.57,17.31,Mythic,393.75,10.48,6,1.28,12.29,1.99,19.64,8.8
449,23.02,98.99,0,666.67,818.73,656.11,411.37,17.31,Mythic,394.52,10.56,6,1.3,12.66,1.99,19.5,8.74
450,23.08,99.63,0,668.08,820.68,657.63,412.16,17.32,Mythic,393.06,10.45,6,1.27,12.34,1.99,19.43,8.8
451,23.19,99.52,0,669.59,822.65,659.02,412.96,17.33,Mythic,395.19,10.57,6,1.38,12.73,1.99,19.38,8.74
452,23.33,99.38,0,670.98,824.61,660.54,413.74,17.35,Mythic,393.51,10.44,6,1.29,12.31,2,19.29,8.83
453,23.5,100.84,0,672.48,826.58,661.94,414.56,17.35,Mythic,395.22,10.55,6,1.28,12.62,1.99,19.53,8.77
454,23.7,100.14,0,673.91,828.55,663.45,415.36,17.36,Mythic,393.77,10.46,6,1.27,12.41,2,19.6,8.81
455,23.85,99.44,0,675.39,830.51,664.86,416.14,17.37,Mythic,394.21,10.53,6,1.3,12.67,2,19.35,8.76
456,23.93,97.57,0,676.82,832.49,666.33,416.9,17.38,Mythic,393.47,10.49,6,1.33,12.6,2,19.38,8.78
457,23.97,98.95,0,678.3,834.46,667.77,417.7,17.39,Mythic,394.15,10.53,6,1.4,12.78,1.99,19.55,8.76
458,23.99,99.98,0,679.72,836.44,669.25,418.51,17.39,Mythic,393.92,10.47,6,1.31,12.55,2,19.66,8.81
459,24,99.49,0,681.21,838.42,670.64,419.29,17.4,Mythic,394.99,10.58,6,1.39,13.01,1.99,19.38,8.74
460,24,99.81,0,682.6,840.39,672.16,420.08,17.41,Mythic,393.85,10.44,6,1.31,12.49,2,19.49,8.84
461,24,99.52,0,684.13,842.35,673.54,420.87,17.41,Mythic,396.61,10.6,6,1.4,12.94,1.99,19.34,8.76
462,24,100.29,0,685.49,844.31,675.09,421.67,17.42,Mythic,394.77,10.4,6,1.27,12.17,2,19.49,8.9
463,24,100.84,0,687.05,846.28,676.42,422.47,17.43,Mythic,398.54,10.63,6,1.38,12.89,1.99,19.52,8.77
464,24,100.33,0,688.4,848.25,678.01,423.27,17.44,Mythic,394.68,10.39,6,1.27,12.15,2,19.44,8.91
465,24,98.58,0,689.98,850.2,679.34,424.03,17.44,Mythic,397.65,10.64,6,1.39,13.1,1.99,18.99,8.74
466,24,101.35,0,691.3,852.17,680.91,424.84,17.45,Mythic,394.93,10.39,6,1.27,12.2,1.99,19.31,8.92
467,24,101.2,0,692.86,854.14,682.26,425.65,17.46,Mythic,396.66,10.6,6,1.36,13.01,1.99,19.37,8.76
468,24,101.59,0,694.23,856.11,683.81,426.44,17.46,Mythic,394.71,10.42,6,1.3,12.28,1.99,19.3,8.89
469,24,99.61,0,695.77,858.08,685.2,427.21,17.47,Mythic,396.88,10.58,6,1.46,12.82,2,19.15,8.79
470,24,100.46,0,697.15,860.03,686.72,427.99,17.48,Mythic,395.4,10.43,6,1.33,12.44,1.98,19.28,8.89
471,24,99.25,0,698.66,862.01,688.09,428.78,17.48,Mythic,397.51,10.56,6,1.35,12.76,2,19.55,8.82
472,24,100.03,0,700.06,863.96,689.6,429.56,17.49,Mythic,396.3,10.46,6,1.23,12.51,1.99,19.44,8.88
473,24,100.65,0,701.57,865.94,690.99,430.36,17.5,Mythic,397.52,10.59,6,1.38,13.04,2,19.5,8.8
474,24,100.72,0,702.94,867.89,692.53,431.15,17.5,Mythic,395.16,10.42,6,1.34,12.45,1.99,19.32,8.9
475,24,100.67,0,704.49,869.85,693.88,431.93,17.51,Mythic,397.19,10.61,6,1.43,13.24,2,19.29,8.76
476,24,99.19,0,705.84,871.83,695.42,432.71,17.51,Mythic,394.75,10.41,6,1.32,12.46,2,19.25,8.89
477,24,99.16,0,707.37,873.8,696.78,433.48,17.52,Mythic,397.19,10.58,6,1.46,13.03,1.99,19.22,8.8
478,24,101.43,0,708.75,875.77,698.31,434.29,17.52,Mythic,395.12,10.44,6,1.35,12.63,2,19.62,8.87
479,24,98.36,0,710.26,877.73,699.71,435.04,17.53,Mythic,395.9,10.55,6,1.39,13.05,1.99,19.18,8.79
480,24,101.22,0,711.68,879.7,701.21,435.84,17.54,Mythic,395.35,10.47,6,1.34,12.8,2,19.61,8.85
481,24,99.51,0,713.16,881.67,702.64,436.62,17.55,Mythic,395.98,10.53,6,1.36,13.01,1.99,19.55,8.81
482,24.01,99.54,0,714.61,883.64,704.12,437.39,17.56,Mythic,395.99,10.49,6,1.41,12.81,2,19.44,8.85
483,24.02,98.23,0,716.07,885.61,705.56,438.15,17.56,Mythic,396.28,10.51,6,1.43,13,1.99,19.35,8.83
484,24.07,102.34,0,717.52,887.59,707,438.98,17.56,Mythic,396.8,10.52,6,1.36,13.05,2,19.95,8.83
485,24.14,99.47,0,718.97,889.54,708.45,439.77,17.57,Mythic,396.8,10.52,6,1.28,12.93,1.99,19.45,8.85
486,24.29,101.41,0,720.41,891.5,709.91,440.57,17.57,Mythic,396.61,10.5,6,1.33,12.9,1.99,19.52,8.85
487,24.44,100.57,0,721.86,893.46,711.36,441.36,17.58,Mythic,397.22,10.5,6,1.32,12.88,1.99,19.47,8.86
488,24.59,100.36,0,723.3,895.43,712.81,442.14,17.58,Mythic,397.78,10.49,6,1.38,12.84,1.99,19.4,8.88
489,24.77,99.48,0,724.76,897.39,714.23,442.91,17.59,Mythic,397.87,10.53,6,1.4,13.02,2,19.37,8.84
490,24.89,100.28,0,726.2,899.35,715.69,443.7,17.59,Mythic,396.79,10.5,6,1.33,12.99,2,19.5,8.84
491,24.95,100.2,0,727.66,901.31,717.14,444.48,17.6,Mythic,397.35,10.52,6,1.37,12.96,2,19.42,8.85
492,24.98,101.42,0,729.09,903.27,718.61,445.27,17.6,Mythic,397.22,10.48,6,1.37,12.82,2,19.44,8.88
493,25,98.88,0,730.57,905.25,720.04,446.03,17.61,Mythic,398.31,10.53,6,1.42,12.95,2,19.37,8.86
494,25,100.11,0,732.01,907.22,721.5,446.82,17.62,Mythic,398.05,10.52,6,1.42,12.98,2,19.62,8.87
495,25,101.86,0,733.46,909.19,722.95,447.62,17.62,Mythic,397.63,10.5,6,1.36,12.99,2,19.69,8.87
496,25,100.02,0,734.9,911.16,724.4,448.39,17.62,Mythic,397.52,10.49,6,1.39,12.94,2,19.42,8.87
497,25,100.07,0,736.35,913.14,725.83,449.17,17.62,Mythic,398.35,10.52,6,1.38,12.96,1.99,19.61,8.87
498,25,100.42,0,737.79,915.11,727.31,449.95,17.63,Mythic,397.77,10.48,6,1.3,12.92,2,19.7,8.89
499,25,100.45,0,739.28,917.08,728.74,450.73,17.64,Mythic,399.31,10.54,6,1.37,13,2,19.65,8.87
500,25,101.13,0,740.7,919.07,730.22,451.52,17.64,Mythic,398.9,10.48,6,1.34,12.77,2,19.69,8.93
501,25,101.21,0,742.18,921.04,731.64,452.3,17.64,Mythic,399.93,10.54,6,1.37,12.95,1.99,19.49,8.9
502,25,99.96,0,743.61,923.02,733.11,453.06,17.65,Mythic,399.83,10.5,6,1.36,12.86,2,19.32,8.93
503,25,102.25,0,745.07,924.98,734.56,453.86,17.65,Mythic,399.85,10.52,6,1.34,13.01,2,19.55,8.91
504,25,101.3,0,746.51,926.96,736,454.66,17.65,Mythic,399.96,10.52,6,1.31,13,2,19.5,8.92
505,25,101.15,0,747.96,928.94,737.44,455.44,17.65,Mythic,399.89,10.52,6,1.36,12.99,2,19.3,8.91
506,25,100.4,0,749.4,930.91,738.93,456.21,17.65,Mythic,399.72,10.47,6,1.36,12.72,2,19.26,8.96
507,25,102.17,0,750.88,932.89,740.33,457.01,17.66,Mythic,400.87,10.54,6,1.35,12.98,2,19.64,8.9
508,25,100.33,0,752.3,934.87,741.82,457.79,17.66,Mythic,399.68,10.48,6,1.33,12.79,2,19.44,8.94
509,25,103.4,0,753.77,936.84,743.26,458.58,17.67,Mythic,401.24,10.51,6,1.38,12.82,2,19.72,8.95
510,25,100.84,0,755.23,938.81,744.7,459.35,17.67,Mythic,400.99,10.52,6,1.35,12.83,1.99,19.43,8.94
511,25,102.15,0,756.66,940.77,746.19,460.14,17.68,Mythic,400.53,10.47,6,1.37,12.68,2,19.54,8.97
512,25,100.53,0,758.17,942.74,747.59,460.9,17.69,Mythic,401.53,10.57,6,1.42,13.14,2,19.46,8.89
513,25,98.87,0,759.57,944.71,749.11,461.65,17.69,Mythic,400.89,10.47,6,1.41,12.71,2,19.19,8.98
514,25,102.39,0,761.05,946.68,750.55,462.46,17.7,Mythic,401.58,10.5,6,1.35,12.8,2,19.75,8.97
515,25,100.27,0,762.51,948.63,751.99,463.23,17.71,Mythic,401.61,10.53,6,1.39,12.88,2,19.33,8.95
516,25,100.38,0,763.94,950.6,753.46,463.99,17.71,Mythic,401.67,10.49,6,1.38,12.66,1.99,19.38,8.99
517,25.01,99.5,0,765.42,952.58,754.88,464.76,17.71,Mythic,401.97,10.54,6,1.44,12.87,2,19.43,8.94
518,25.05,102.1,0,766.85,954.53,756.36,465.54,17.72,Mythic,400.89,10.48,6,1.4,12.76,1.99,19.46,8.98
519,25.1,99.09,0,768.33,956.49,757.79,466.3,17.73,Mythic,401.54,10.54,6,1.44,12.99,2,19.3,8.94
520,25.21,103.45,0,769.76,958.46,759.27,467.11,17.73,Mythic,401.2,10.5,6,1.32,12.91,1.99,19.55,8.97
521,25.34,102.06,0,771.23,960.42,760.71,467.88,17.74,Mythic,401.89,10.52,6,1.32,13.01,1.99,19.19,8.96
522,25.52,102.13,0,772.66,962.39,762.18,468.65,17.74,Mythic,401.63,10.48,6,1.35,12.84,1.99,19.3,9
523,25.7,102.09,0,774.15,964.37,763.61,469.43,17.75,Mythic,402.77,10.54,6,1.4,12.99,1.99,19.53,8.96
524,25.83,101.65,0,775.57,966.34,765.09,470.21,17.75,Mythic,401.89,10.48,6,1.36,12.79,1.99,19.39,9
525,25.92,100.62,0,777.07,968.32,766.52,470.95,17.75,Mythic,403.43,10.55,6,1.43,12.93,1.99,19.05,8.97
526,25.97,100.95,0,778.48,970.26,768.01,471.72,17.75,Mythic,402.86,10.47,6,1.39,12.63,1.99,19.07,9.03
527,25.99,100.87,0,779.97,972.23,769.43,472.49,17.75,Mythic,403.64,10.54,6,1.38,12.94,2,19.32,8.98
528,26,101.72,0,781.38,974.21,770.92,473.28,17.75,Mythic,402.53,10.46,6,1.35,12.65,1.99,19.48,9.04
529,26,100.62,0,782.88,976.17,772.33,474.03,17.76,Mythic,404.4,10.55,6,1.42,12.98,2,19.31,8.99
530,26,103.15,0,784.29,978.13,773.82,474.83,17.76,Mythic,404.05,10.47,6,1.33,12.66,1.99,19.64,9.05
531,26,100.86,0,785.78,980.12,775.23,475.6,17.77,Mythic,405.51,10.55,6,1.41,12.8,2,19.4,9.01
532,26,101.86,0,787.19,982.08,776.74,476.37,17.77,Mythic,404.16,10.45,6,1.35,12.53,2,19.4,9.08
533,26,100.89,0,788.69,984.05,778.12,477.12,17.77,Mythic,405.23,10.57,6,1.45,13.04,1.99,19.18,8.99
534,26,100.54,0,790.08,986.02,779.64,477.88,17.78,Mythic,403.41,10.45,6,1.39,12.62,2,19.39,9.06
535,26,100.02,0,791.6,987.98,781.04,478.62,17.78,Mythic,403.86,10.56,6,1.46,13.02,1.99,19.2,8.98
536,26,100.97,0,793.01,989.95,782.53,479.39,17.78,Mythic,403.09,10.49,6,1.42,12.92,2,19.31,9.02
537,26,99.98,0,794.49,991.91,783.95,480.13,17.79,Mythic,403.38,10.54,6,1.5,13.13,2,18.94,8.98
538,26,101.75,0,795.91,993.88,785.42,480.91,17.79,Mythic,403.91,10.49,6,1.41,12.9,2,19.19,9.04
539,26,101.05,0,797.38,995.84,786.86,481.68,17.79,Mythic,403.61,10.53,6,1.4,13.04,1.99,19.09,9
540,26,101.68,0,798.81,997.81,788.33,482.45,17.79,Mythic,403.61,10.48,6,1.36,12.8,1.99,19.08,9.05
541,26,102.81,0,800.29,999.78,789.75,483.23,17.79,Mythic,404.6,10.54,6,1.45,13.02,2,19.2,9.02
542,26,100.53,0,801.71,1001.73,791.24,483.98,17.8,Mythic,403.58,10.47,6,1.41,12.72,1.99,18.93,9.07
543,26,101.12,0,803.22,1003.7,792.65,484.74,17.8,Mythic,405.02,10.57,6,1.44,13.13,1.99,19.02,9
544,26,101.3,0,804.61,1005.67,794.17,485.5,17.8,Mythic,403.2,10.45,6,1.34,12.76,2,19.02,9.07
545,26,99.63,0,806.12,1007.64,795.55,486.25,17.81,Mythic,404.86,10.57,6,1.51,13.19,1.99,18.91,8.99
546,26,101.31,0,807.52,1009.6,797.06,487.01,17.81,Mythic,404.48,10.46,6,1.42,12.76,1.99,19.09,9.08
547,26,100.78,0,809.03,1011.57,798.44,487.76,17.81,Mythic,405.73,10.59,6,1.48,13.24,1.99,18.83,8.99
548,26,103.65,0,810.41,1013.54,800,488.54,17.82,Mythic,403.7,10.41,6,1.39,12.62,2,19.2,9.12
549,26,98.87,0,811.94,1015.5,801.36,489.27,17.82,Mythic,406.4,10.57,6,1.48,13.09,2,18.8,9.02
550,26,104.12,0,813.33,1017.46,802.88,490.06,17.82,Mythic,404.66,10.44,6,1.41,12.73,2,19.51,9.1
551,26,103.3,0,814.83,1019.44,804.26,490.86,17.83,Mythic,406.72,10.57,6,1.35,13.02,2,19.63,9.03
552,26.03,100.94,0,816.23,1021.4,805.78,491.6,17.83,Mythic,405.92,10.45,6,1.36,12.58,1.99,19.15,9.12
553,26.08,99.61,0,817.72,1023.37,807.17,492.33,17.83,Mythic,406.76,10.55,6,1.49,13,2,19.14,9.04
554,26.17,102.62,0,819.13,1025.34,808.67,493.11,17.83,Mythic,406.06,10.46,6,1.44,12.7,1.99,19.66,9.11
555,26.27,100.83,0,820.63,1027.3,810.07,493.86,17.84,Mythic,407.57,10.56,6,1.38,12.88,1.99,19.39,9.06
556,26.41,101.85,0,822.04,1029.27,811.58,494.63,17.84,Mythic,406.52,10.47,6,1.37,12.65,2,19.56,9.12
557,26.59,102.16,0,823.55,1031.23,812.98,495.4,17.84,Mythic,407.55,10.57,6,1.44,13.04,2,19.5,9.05
558,26.75,101.47,0,824.95,1033.2,814.48,496.15,17.84,Mythic,406.6,10.46,6,1.36,12.7,2,19.32,9.13
559,26.85,100.2,0,826.45,1035.15,815.89,496.91,17.84,Mythic,407.53,10.56,6,1.49,13.13,2,19.16,9.06
560,26.94,103.55,0,827.85,1037.12,817.39,497.7,17.85,Mythic,406.32,10.46,6,1.33,12.79,2,19.54,9.12
561,26.97,100.01,0,829.37,1039.09,818.78,498.44,17.85,Mythic,407.48,10.58,6,1.42,13.18,1.99,19.02,9.05
562,26.99,101.64,0,830.76,1041.05,820.32,499.22,17.86,Mythic,405.63,10.44,6,1.37,12.78,2,19.31,9.14
563,27,103.15,0,832.28,1042.99,821.7,500,17.86,Mythic,407.41,10.58,6,1.39,13.2,1.99,19.14,9.05
564,27,102.31,0,833.65,1044.97,823.24,500.77,17.86,Mythic,406.03,10.42,6,1.29,12.58,2,19.24,9.16
565,27,103.41,0,835.2,1046.94,824.6,501.55,17.86,Mythic,408.04,10.6,6,1.47,13.27,2,19.26,9.04
566,27,103.21,0,836.57,1048.9,826.15,502.32,17.87,Mythic,405.14,10.42,6,1.37,12.63,1.99,19.25,9.15
567,27,102.66,0,838.1,1050.89,827.52,503.08,17.87,Mythic,406.99,10.58,6,1.46,13.24,2,19.26,9.04
568,27,100.72,0,839.49,1052.85,829.05,503.82,17.87,Mythic,406.16,10.44,6,1.42,12.62,2,19,9.16
569,27,103.56,0,841,1054.82,830.43,504.6,17.87,Mythic,408.11,10.57,6,1.44,13.11,2,19.28,9.07
570,27,102.57,0,842.4,1056.8,831.95,505.36,17.87,Mythic,406.73,10.44,6,1.39,12.65,2,19.38,9.16
571,27,101.11,0,843.92,1058.77,833.36,506.09,17.87,Mythic,408.64,10.56,6,1.5,13.07,2,19.09,9.08
572,27,101.45,0,845.32,1060.74,834.84,506.85,17.87,Mythic,407.66,10.48,6,1.48,12.84,1.99,19.22,9.15
573,27,103.7,0,846.8,1062.7,836.28,507.64,17.88,Mythic,407.77,10.52,6,1.43,13.06,2,19.45,9.1
574,27,100.44,0,848.24,1064.66,837.74,508.37,17.88,Mythic,408.52,10.5,6,1.41,12.78,1.99,19.01,9.15
575,27,102.31,0,849.72,1066.62,839.19,509.12,17.88,Mythic,408.74,10.52,6,1.47,12.9,1.99,19.15,9.12
576,27,102.94,0,851.15,1068.58,840.66,509.89,17.88,Mythic,408.3,10.49,6,1.41,12.86,1.99,19.29,9.15
577,27,101.93,0,852.62,1070.56,842.09,510.64,17.88,Mythic,409.07,10.53,6,1.46,12.98,2,19.19,9.12
578,27,102.44,0,854.05,1072.53,843.57,511.41,17.89,Mythic,407.72,10.47,6,1.44,12.81,2,19.29,9.15
579,27,100,0,855.54,1074.5,844.98,512.13,17.89,Mythic,409.64,10.56,6,1.49,12.98,1.99,18.96,9.11
580,27,103.74,0,856.94,1076.47,846.48,512.9,17.89,Mythic,408.85,10.47,6,1.41,12.71,2,19.33,9.18
581,27,101.26,0,858.43,1078.44,847.88,513.65,17.89,Mythic,409.55,10.56,6,1.45,12.97,1.99,19.08,9.1
582,27,102.92,0,859.85,1080.39,849.39,514.4,17.89,Mythic,408.16,10.46,6,1.44,12.73,2,19.23,9.16
583,27,101.54,0,861.34,1082.35,850.79,515.15,17.89,Mythic,409.32,10.54,6,1.5,13.06,1.99,19.1,9.11
584,27,103.22,0,862.75,1084.31,852.29,515.92,17.9,Mythic,408.07,10.46,6,1.37,12.86,2,19.51,9.16
585,27,100.59,0,864.26,1086.27,853.68,516.63,17.9,Mythic,409.4,10.58,6,1.48,13.28,2,18.97,9.08
586,27.02,105.43,0,865.65,1088.24,855.2,517.44,17.9,Mythic,407.54,10.44,6,1.35,12.86,1.99,19.71,9.18
587,27.05,101.9,0,867.16,1090.21,856.6,518.18,17.9,Mythic,409.42,10.56,6,1.45,13.19,2,19.15,9.11
588,27.11,101.92,0,868.57,1092.17,858.1,518.92,17.9,Mythic,408.02,10.47,6,1.42,12.88,1.99,19.08,9.16
589,27.21,102.61,0,870.05,1094.13,859.51,519.69,17.9,Mythic,408.9,10.55,6,1.48,13.28,2,19.28,9.11
590,27.34,102.05,0,871.47,1096.1,860.99,520.45,17.91,Mythic,406.95,10.48,6,1.43,13.14,2,19.33,9.12
591,27.47,101.83,0,872.96,1098.08,862.41,521.2,17.91,Mythic,408.5,10.54,6,1.48,13.3,2,19.18,9.1
592,27.65,103.04,0,874.38,1100.05,863.9,521.96,17.91,Mythic,407.87,10.48,6,1.42,13.01,2,19.25,9.15
593,27.78,102.42,0,875.85,1102.03,865.32,522.72,17.91,Mythic,408.38,10.53,6,1.46,13.27,2,19.19,9.11
594,27.88,101.46,0,877.27,1104,866.79,523.46,17.91,Mythic,408.72,10.48,6,1.47,13.05,2,19.08,9.16
595,27.95,105.89,0,878.76,1105.97,868.23,524.26,17.91,Mythic,409.93,10.53,6,1.41,13.2,1.99,19.69,9.14
596,27.97,101.91,0,880.18,1107.94,869.69,525.01,17.91,Mythic,410.35,10.49,6,1.38,12.93,2,19.22,9.19
597,27.99,100.51,0,881.67,1109.92,871.14,525.71,17.92,Mythic,410.72,10.53,6,1.55,13.08,2,18.86,9.16
598,28,102.67,0,883.1,1111.88,872.62,526.48,17.92,Mythic,409.88,10.49,6,1.48,12.96,2,19.39,9.19
599,28,103.39,0,884.59,1113.86,874.02,527.25,17.92,Mythic,410.95,10.57,6,1.41,13.25,2,19.47,9.14
600,28,103.14,0,885.98,1115.83,875.55,528,17.92,Mythic,409.47,10.44,6,1.39,12.78,2,19.13,9.24
601,28,103.18,0,887.51,1117.8,876.92,528.76,17.92,Mythic,411.23,10.59,6,1.49,13.24,2,19.31,9.13
602,28,102.08,0,888.88,1119.77,878.45,529.51,17.92,Mythic,408.2,10.43,6,1.42,12.86,2,19.23,9.2
603,28,101.38,0,890.41,1121.72,879.82,530.23,17.92,Mythic,410.15,10.59,6,1.52,13.38,1.99,18.93,9.1
604,28,102.23,0,891.79,1123.7,881.37,530.99,17.92,Mythic,408,10.42,6,1.45,12.78,2,19.33,9.22
605,28,100.75,0,893.34,1125.68,882.73,531.71,17.92,Mythic,410.25,10.61,6,1.51,13.52,1.99,18.91,9.09
606,28,103.81,0,894.69,1127.65,884.3,532.48,17.92,Mythic,407.84,10.38,6,1.4,12.72,2,19.48,9.24
607,28,100.06,0,896.26,1129.63,885.62,533.18,17.92,Mythic,411.03,10.63,6,1.53,13.6,1.99,18.73,9.07
608,28,102.95,0,897.6,1131.59,887.2,533.93,17.93,Mythic,408.76,10.4,6,1.49,12.81,2,19.09,9.25
609,28,102.36,0,899.14,1133.57,888.55,534.68,17.93,Mythic,411.08,10.59,6,1.49,13.46,2,19.29,9.12
610,28,103.77,0,900.53,1135.55,890.09,535.46,17.93,Mythic,409.67,10.44,6,1.36,12.94,2,19.53,9.23
611,28,101.54,0,902.04,1137.52,891.46,536.2,17.93,Mythic,411.2,10.58,6,1.48,13.33,2,19.17,9.13
612,28,101.94,0,903.43,1139.5,892.99,536.95,17.93,Mythic,409.29,10.44,6,1.44,12.92,2,19.31,9.21
613,28,100.33,0,904.97,1141.46,894.37,537.65,17.93,Mythic,411.09,10.6,6,1.54,13.54,2,18.92,9.11
614,28,104.16,0,906.34,1143.42,895.93,538.44,17.94,Mythic,408.56,10.4,6,1.36,12.88,2,19.58,9.24
615,28,103.07,0,907.91,1145.4,897.27,539.2,17.94,Mythic,411.71,10.64,6,1.44,13.62,2,19.3,9.09
616,28,104.06,0,909.23,1147.38,898.86,539.96,17.94,Mythic,408.66,10.37,6,1.4,12.63,2,19.27,9.27
617,28,101.49,0,910.81,1149.36,900.19,540.67,17.94,Mythic,411.9,10.62,6,1.53,13.48,2,18.94,9.1
618,28,103.8,0,912.16,1151.32,901.76,541.43,17.94,Mythic,410.51,10.39,6,1.47,12.58,2,19.38,9.29
619,28,102.8,0,913.72,1153.29,903.12,542.17,17.94,Mythic,412.75,10.61,6,1.49,13.35,2,19.24,9.14
620,28.01,106.14,0,915.1,1155.27,904.66,542.96,17.95,Mythic,411.25,10.43,6,1.4,12.71,2,19.73,9.28
621,28.03,100.96,0,916.63,1157.24,906.04,543.67,17.95,Mythic,413.36,10.59,6,1.53,13.24,1.99,18.91,9.18
622,28.07,105.71,0,918.01,1159.22,907.58,544.45,17.95,Mythic,410.81,10.43,6,1.41,12.81,2,19.54,9.27
623,28.15,99.1,0,919.54,1161.19,908.95,545.16,17.95,Mythic,413.31,10.59,6,1.5,13.21,2,18.7,9.17
624,28.26,105.09,0,920.9,1163.16,910.48,545.94,17.95,Mythic,411.02,10.42,6,1.41,12.75,2,19.41,9.29
625,28.37,101.73,0,922.45,1165.13,911.85,546.68,17.95,Mythic,412.52,10.6,6,1.4,13.4,2,19.07,9.14
626,28.52,103.48,0,923.81,1167.1,913.41,547.43,17.95,Mythic,410.46,10.4,6,1.42,12.73,2,19.18,9.29
627,28.67,98.72,0,925.36,1169.06,914.75,548.12,17.95,Mythic,413.61,10.61,6,1.58,13.4,2,18.71,9.16
628,28.81,105.64,0,926.71,1171.03,916.31,548.91,17.96,Mythic,411.54,10.4,6,1.43,12.66,2,19.64,9.31
629,28.91,100.9,0,928.28,1173.01,917.66,549.64,17.96,Mythic,414.23,10.63,6,1.5,13.47,2,19.23,9.15
630,28.95,106.32,0,929.62,1174.97,919.23,550.42,17.96,Mythic,411.38,10.39,6,1.36,12.66,2,19.55,9.32
631,28.98,100.85,0,931.17,1176.95,920.55,551.13,17.96,Mythic,414.56,10.63,6,1.47,13.37,2,18.87,9.16
632,28.99,106.77,0,932.53,1178.91,922.13,551.93,17.96,Mythic,411.7,10.4,6,1.37,12.65,2,19.69,9.32
633,29,100.86,0,934.08,1180.9,923.46,552.66,17.96,Mythic,414.99,10.62,6,1.48,13.2,2,19.07,9.19
634,29,103.65,0,935.42,1182.86,925.01,553.41,17.96,Mythic,413.07,10.41,6,1.41,12.46,2,19.21,9.34
635,29,102.24,0,936.97,1184.83,926.36,554.16,17.96,Mythic,415.47,10.61,6,1.48,13.2,2,19.08,9.21
636,29,103.55,0,938.33,1186.81,927.92,554.91,17.96,Mythic,411.76,10.41,6,1.36,12.65,2,19.2,9.32
637,29,104.28,0,939.87,1188.77,929.28,555.68,17.96,Mythic,413.45,10.58,6,1.42,13.35,2,19.36,9.19
638,29,105.12,0,941.25,1190.73,930.81,556.46,17.96,Mythic,412.56,10.43,6,1.28,12.68,2,19.46,9.31
639,29,99.56,0,942.77,1192.7,932.2,557.15,17.96,Mythic,414.06,10.57,6,1.55,13.11,1.99,18.79,9.21
640,29,103.79,0,944.18,1194.67,933.71,557.91,17.96,Mythic,413.6,10.48,6,1.5,12.78,2,19.35,9.3
641,29,99.39,0,945.67,1196.62,935.11,558.6,17.96,Mythic,414.61,10.55,6,1.52,13.03,1.99,18.52,9.24
642,29,102.76,0,947.08,1198.59,936.63,559.35,17.97,Mythic,413.79,10.45,6,1.53,12.72,2,19.13,9.32
643,29,104.08,0,948.57,1200.55,938.02,560.13,17.97,Mythic,414.94,10.55,6,1.39,13.11,1.99,19.31,9.25
644,29,104.31,0,949.99,1202.54,939.53,560.88,17.97,Mythic,414.03,10.46,6,1.37,12.72,2,19.35,9.31
645,29,102.69,0,951.49,1204.51,940.94,561.61,17.97,Mythic,415.58,10.55,6,1.48,12.96,2,19.11,9.27
646,29,103.62,0,952.9,1206.47,942.43,562.35,17.97,Mythic,414.96,10.47,6,1.53,12.75,2,19.12,9.32
647,29,103.35,0,954.39,1208.44,943.84,563.09,17.97,Mythic,416.01,10.55,6,1.52,13.03,2,19.09,9.28
648,29,104.25,0,955.8,1210.39,945.34,563.85,17.97,Mythic,415.4,10.46,6,1.43,12.54,1.99,19.28,9.34
649,29,101.94,0,957.3,1212.35,946.75,564.57,17.97,Mythic,416.67,10.55,6,1.49,12.8,1.99,18.94,9.29
650,29,101.5,0,958.71,1214.32,948.23,565.28,17.97,Mythic,415.78,10.48,6,1.54,12.6,1.99,18.87,9.34
651,29,103.41,0,960.19,1216.27,949.65,566.03,17.97,Mythic,416.09,10.53,6,1.54,12.8,1.99,19.15,9.3
652,29,101.57,0,961.62,1218.26,951.14,566.76,17.97,Mythic,414.8,10.48,6,1.46,12.77,2,19.2,9.32
653,29,104.5,0,963.11,1220.21,952.56,567.51,17.97,Mythic,415.61,10.55,6,1.48,13.08,1.99,19.18,9.27
654,29.01,103.01,0,964.53,1222.18,954.06,568.24,17.97,Mythic,414.75,10.47,6,1.49,12.81,2,19.11,9.32
655,29.01,100.71,0,966.02,1224.14,955.49,568.94,17.97,Mythic,415.65,10.53,6,1.55,12.93,1.99,18.72,9.3
656,29.04,102.57,0,967.46,1226.1,956.97,569.69,17.97,Mythic,414.95,10.49,6,1.44,12.88,2,19.13,9.3
657,29.11,100.94,0,968.93,1228.07,958.4,570.4,17.97,Mythic,414.95,10.54,6,1.49,13.11,2,18.86,9.26
658,29.19,103.72,0,970.37,1230.04,959.89,571.16,17.97,Mythic,413.56,10.48,6,1.45,13.06,2,19.27,9.28
659,29.3,103.33,0,971.85,1232.01,961.31,571.9,17.97,Mythic,413.65,10.54,6,1.5,13.4,2,19.04,9.22
660,29.41,103.77,0,973.25,1233.98,962.8,572.64,17.98,Mythic,413.21,10.45,6,1.41,13.05,2,19.06,9.29
661,29.57,100.89,0,974.77,1235.96,964.21,573.35,17.98,Mythic,415.13,10.56,6,1.49,13.4,2,18.99,9.23
662,29.72,105.53,0,976.17,1237.93,965.7,574.13,17.98,Mythic,414.62,10.47,6,1.46,13.06,2,19.45,9.31
663,29.83,101.92,0,977.65,1239.92,967.1,574.86,17.98,Mythic,415.79,10.55,6,1.48,13.21,2,19.08,9.26
664,29.91,105.26,0,979.08,1241.9,968.6,575.62,17.98,Mythic,414.09,10.47,6,1.48,13.1,2,19.3,9.3
665,29.96,101.26,0,980.55,1243.87,970.01,576.33,17.98,Mythic,414.68,10.54,6,1.54,13.3,2,18.77,9.26
666,29.98,105.12,0,981.96,1245.85,971.48,577.1,17.98,Mythic,413.51,10.48,6,1.46,13.09,2,19.2,9.3
667,29.99,102.65,0,983.45,1247.82,972.91,577.82,17.98,Mythic,414.42,10.53,6,1.46,13.2,2,18.98,9.27
668,30,104.14,0,984.87,1249.78,974.41,578.57,17.98,Mythic,413.9,10.46,6,1.46,13.01,2,19.16,9.31
669,30,102.54,0,986.37,1251.76,975.82,579.31,17.98,Mythic,414.58,10.54,6,1.45,13.3,2,19.18,9.25
670,30,103,0,987.77,1253.74,977.33,580.06,17.98,Mythic,413.67,10.44,6,1.41,12.87,2,19.32,9.33
671,30,104.28,0,989.27,1255.71,978.71,580.81,17.98,Mythic,415.35,10.56,6,1.45,13.37,2,19.34,9.25
672,30,102.66,0,990.68,1257.7,980.2,581.54,17.98,Mythic,414.75,10.47,6,1.45,12.98,2,19.32,9.32
673,30,103.41,0,992.16,1259.67,981.6,582.28,17.98,Mythic,415.89,10.56,6,1.48,13.27,2,19.22,9.26
674,30,103.94,0,993.57,1261.63,983.12,583.03,17.98,Mythic,414.87,10.45,6,1.42,12.87,2,19.23,9.35
675,30,104.12,0,995.06,1263.59,984.52,583.78,17.98,Mythic,415.75,10.54,6,1.52,13.12,2,19.27,9.29
676,30,103.49,0,996.48,1265.56,985.98,584.52,17.98,Mythic,415.67,10.5,6,1.53,12.96,2,19.19,9.32
677,30,104.42,0,997.95,1267.53,987.41,585.26,17.98,Mythic,416.09,10.54,6,1.57,13.16,2,19.17,9.29
678,30,103.92,0,999.37,1269.49,988.89,586,17.98,Mythic,415.29,10.48,6,1.53,12.93,2,19.13,9.33
679,30,102.51,0,1000.86,1271.46,990.32,586.72,17.98,Mythic,415.96,10.54,6,1.5,13.1,1.99,18.98,9.3
680,30,102.72,0,1002.27,1273.43,991.78,587.44,17.98,Mythic,415.73,10.49,6,1.53,13,2,18.8,9.33
681,30,102.52,0,1003.74,1275.4,993.23,588.17,17.98,Mythic,415.98,10.51,6,1.51,13.02,2,19.05,9.32
682,30,103.1,0,1005.17,1277.38,994.68,588.91,17.98,Mythic,415.88,10.49,6,1.48,12.91,2,19.16,9.33
683,30,103.19,0,1006.64,1279.34,996.09,589.64,17.98,Mythic,416.57,10.55,6,1.46,13.13,2,19.13,9.3
684,30,103.96,0,1008.06,1281.31,997.58,590.38,17.98,Mythic,416.28,10.48,6,1.54,12.82,2,19.21,9.36
685,30,102.68,0,1009.53,1283.29,998.99,591.1,17.98,Mythic,416.49,10.54,6,1.5,13.05,1.99,18.91,9.32
686,30,104.98,0,1010.96,1285.25,1000.46,591.85,17.98,Mythic,415.43,10.5,6,1.51,13.08,1.99,19,9.32
687,30,104.43,0,1012.41,1287.22,1001.91,592.58,17.98,Mythic,415.61,10.5,6,1.5,13.04,2,19.01,9.32
688,30,102.91,0,1013.87,1289.19,1003.36,593.3,17.98,Mythic,415.72,10.51,6,1.49,13.1,2,18.95,9.31
689,30.01,100.38,0,1015.33,1291.16,1004.82,593.99,17.98,Mythic,415.72,10.51,6,1.61,13.24,2,18.76,9.31
690,30.02,104.54,0,1016.78,1293.13,1006.28,594.74,17.99,Mythic,415.87,10.5,6,1.56,13.24,2,19.26,9.32
691,30.06,104.27,0,1018.24,1295.11,1007.7,595.5,17.99,Mythic,416.37,10.53,6,1.45,13.36,2,19.26,9.31
692,30.13,105.34,0,1019.65,1297.08,1009.17,596.24,17.99,Mythic,415.36,10.48,6,1.45,13.09,2,19.14,9.33
693,30.22,103.34,0,1021.13,1299.04,1010.6,596.96,17.99,Mythic,415.97,10.53,6,1.55,13.35,1.99,19.03,9.3
694,30.34,104.56,0,1022.57,1301.03,1012.06,597.71,17.99,Mythic,415.92,10.5,6,1.54,13.24,2,19.28,9.32
695,30.45,102.72,0,1024.01,1303.01,1013.51,598.44,17.99,Mythic,416.99,10.51,6,1.53,13.16,2,19.1,9.35
696,30.57,104.73,0,1025.47,1304.98,1014.95,599.19,17.99,Mythic,417.51,10.52,6,1.53,13.17,2,19.32,9.34
697,30.72,102.25,0,1026.91,1306.96,1016.42,599.91,17.99,Mythic,417.42,10.5,6,1.5,12.98,2,19.04,9.37
698,30.84,104.42,0,1028.36,1308.93,1017.83,600.64,17.99,Mythic,418.22,10.53,6,1.56,13.08,2,19.08,9.35
699,30.91,103.71,0,1029.78,1310.91,1019.3,601.38,17.99,Mythic,417.73,10.49,6,1.47,12.89,2,19.16,9.39
700,30.95,103.45,0,1031.27,1312.87,1020.72,602.09,17.99,Mythic,418.26,10.55,6,1.5,13.13,2,18.95,9.34
701,30.98,103.97,0,1032.7,1314.85,1022.22,602.84,17.99,Mythic,416.96,10.48,6,1.49,12.95,2,19.16,9.39
702,30.99,103.04,0,1034.16,1316.81,1023.65,603.55,17.99,Mythic,417.3,10.52,6,1.49,13.11,2,18.78,9.35
703,31,103.52,0,1035.61,1318.76,1025.11,604.29,17.99,Mythic,416.97,10.5,6,1.51,13.07,2,18.91,9.37
704,31,102.4,0,1037.08,1320.72,1026.55,605.01,17.99,Mythic,417,10.52,6,1.46,13.2,2,18.95,9.34
705,31,104.49,0,1038.52,1322.71,1028.02,605.76,17.99,Mythic,417.37,10.49,6,1.46,13.04,2,19.24,9.37
706,31,102.68,0,1039.98,1324.67,1029.46,606.48,17.99,Mythic,417.5,10.52,6,1.51,13.08,2,18.88,9.35
707,31,104.43,0,1041.41,1326.65,1030.92,607.22,17.99,Mythic,417.68,10.49,6,1.49,12.93,2,19.06,9.38
708,31,101.91,0,1042.87,1328.62,1032.35,607.93,17.99,Mythic,417.82,10.51,6,1.54,13.03,2,18.86,9.36
709,31,100.3,0,1044.32,1330.6,1033.81,608.61,17.99,Mythic,418.55,10.51,6,1.63,13.04,2,18.67,9.38
710,31,104.4,0,1045.77,1332.57,1035.28,609.37,17.99,Mythic,417.88,10.49,6,1.58,13.08,2,19.43,9.37
711,31,105.23,0,1047.24,1334.54,1036.7,610.13,17.99,Mythic,418.64,10.55,6,1.43,13.24,2,19.5,9.34
712,31,103.45,0,1048.66,1336.52,1038.19,610.86,17.99,Mythic,418.07,10.48,6,1.44,12.94,2,19.16,9.41
713,31,103.08,0,1050.14,1338.49,1039.6,611.58,17.99,Mythic,418.8,10.54,6,1.55,13.15,2,19.04,9.37
714,31,104.18,0,1051.58,1340.45,1041.07,612.33,17.99,Mythic,418.73,10.5,6,1.51,12.99,2,19.22,9.4
715,31,104.65,0,1053.02,1342.42,1042.54,613.06,17.99,Mythic,418.09,10.48,6,1.5,12.97,2,19.21,9.4
716,31,105.22,0,1054.5,1344.39,1043.96,613.8,17.99,Mythic,418.83,10.54,6,1.52,13.14,2,19.34,9.36
717,31,104.3,0,1055.93,1346.36,1045.43,614.55,17.99,Mythic,418.88,10.5,6,1.45,12.85,1.99,19.25,9.41
718,31,102.77,0,1057.39,1348.32,1046.86,615.26,17.99,Mythic,419.33,10.53,6,1.51,13.01,2,18.81,9.39
719,31,106.85,0,1058.82,1350.27,1048.34,616.02,17.99,Mythic,418.25,10.48,6,1.51,13,1.99,19.2,9.41
720,31,103.42,0,1060.3,1352.24,1049.75,616.75,18,Mythic,419.35,10.55,6,1.48,13.13,1.99,18.88,9.36
721,31,104.21,0,1061.72,1354.2,1051.24,617.48,18,Mythic,418.7,10.48,6,1.48,12.9,1.99,18.96,9.42
722,31,102.02,0,1063.2,1356.17,1052.65,618.19,18,Mythic,419.66,10.55,6,1.53,13.14,2,18.63,9.37
723,31,104.1,0,1064.61,1358.14,1054.14,618.92,18,Mythic,418.51,10.47,6,1.49,12.85,2,18.77,9.43
724,31.01,102.15,0,1066.09,1360.12,1055.54,619.63,18,Mythic,419.44,10.55,6,1.61,13.21,2,18.69,9.37
725,31.03,104.65,0,1067.49,1362.08,1057.05,620.38,18,Mythic,418.59,10.44,6,1.49,12.78,2,19.07,9.45
726,31.07,102.73,0,1069.01,1364.05,1058.45,621.1,18,Mythic,419.94,10.56,6,1.53,13.16,2,18.97,9.37
727,31.14,105.38,0,1070.41,1366.02,1059.96,621.84,18,Mythic,418.88,10.44,6,1.44,12.78,2,19.14,9.45
728,31.24,103.52,0,1071.93,1367.99,1061.34,622.56,18,Mythic,420.2,10.59,6,1.53,13.25,2,19.07,9.34
729,31.35,106.31,0,1073.29,1369.96,1062.87,623.32,18,Mythic,418.69,10.42,6,1.46,12.65,1.99,19.19,9.47
730,31.46,102.98,0,1074.82,1371.93,1064.24,624.03,18,Mythic,420.83,10.58,6,1.52,13.19,2,18.97,9.36
731,31.62,104.17,0,1076.2,1373.9,1065.77,624.76,18,Mythic,419.08,10.43,6,1.46,12.64,2,19.24,9.46
732,31.75,104.79,0,1077.73,1375.87,1067.15,625.5,18,Mythic,421.33,10.58,6,1.5,13.04,1.99,19.23,9.38
733,31.85,103.05,0,1079.11,1377.84,1068.65,626.22,18,Mythic,420.15,10.46,6,1.45,12.6,2,19.01,9.46
734,31.9,102.61,0,1080.61,1379.8,1070.06,626.93,18,Mythic,421.16,10.56,6,1.53,13.07,1.99,18.92,9.39
735,31.96,102.94,0,1082.01,1381.77,1071.56,627.65,18,Mythic,419.97,10.45,6,1.47,12.67,2,19,9.47
736,31.98,102.97,0,1083.52,1383.74,1072.95,628.37,18,Mythic,420.7,10.57,6,1.54,13.27,2,19.07,9.37
737,31.99,104.65,0,1084.91,1385.7,1074.45,629.13,18,Mythic,419.26,10.46,6,1.42,12.91,2,19.25,9.45
738,32,106.09,0,1086.41,1387.68,1075.84,629.87,18,Mythic,420.53,10.57,6,1.5,13.28,2,19.23,9.37
739,32,105.28,0,1087.79,1389.64,1077.35,630.6,18,Mythic,417.99,10.44,6,1.5,12.93,1.99,19,9.44
740,32,103.43,0,1089.32,1391.61,1078.72,631.3,18,Mythic,420.11,10.6,6,1.61,13.44,2,18.83,9.34
741,32,105.11,0,1090.68,1393.58,1080.26,632.04,18,Mythic,417.99,10.42,6,1.46,12.82,2,19.12,9.47
742,32,102.73,0,1092.22,1395.56,1081.6,632.75,18,Mythic,420.53,10.61,6,1.57,13.48,2,18.68,9.33
743,32,104.73,0,1093.58,1397.52,1083.16,633.48,18,Mythic,418.46,10.42,6,1.49,12.78,1.99,18.9,9.47
744,32,102.54,0,1095.1,1399.48,1084.54,634.18,18,Mythic,420.09,10.56,6,1.58,13.34,2,18.65,9.36
745,32,106.29,0,1096.5,1401.45,1086.05,634.92,18,Mythic,418.8,10.45,6,1.52,12.92,1.99,19.12,9.45
746,32,104.41,0,1098,1403.42,1087.44,635.64,18,Mythic,420.19,10.57,6,1.52,13.32,1.99,18.89,9.36
747,32,105.66,0,1099.4,1405.4,1088.95,636.37,18,Mythic,418.85,10.45,6,1.45,12.9,2,19.11,9.45
748,32,102.73,0,1100.92,1407.37,1090.33,637.06,18,Mythic,420.02,10.59,6,1.56,13.54,2,18.69,9.33
749,32,103.81,0,1102.28,1409.34,1091.86,637.79,18,Mythic,417.96,10.42,6,1.5,12.92,1.99,18.96,9.46
750,32,102.41,0,1103.81,1411.31,1093.24,638.49,18,Mythic,420.7,10.57,6,1.58,13.38,2,18.81,9.37
751,32,103.17,0,1105.2,1413.27,1094.74,639.2,18,Mythic,419.67,10.46,6,1.53,12.93,2,18.75,9.45
752,32,103.33,0,1106.7,1415.23,1096.13,639.91,18,Mythic,421.25,10.57,6,1.53,13.35,2,18.8,9.39
753,32,105.24,0,1108.09,1417.2,1097.64,640.66,18,Mythic,419.85,10.45,6,1.45,12.92,2,19.11,9.47
754,32,103.69,0,1109.6,1419.18,1099.05,641.39,18,Mythic,419.94,10.55,6,1.53,13.48,2,19.07,9.37
755,32,106.11,0,1111.02,1421.16,1100.54,642.13,18,Mythic,419.35,10.48,6,1.47,13.19,1.99,19,9.44
756,32,102.13,0,1112.49,1423.14,1101.97,642.82,18,Mythic,419.39,10.52,6,1.59,13.27,2,18.64,9.4
757,32,106.37,0,1113.92,1425.11,1103.44,643.57,18,Mythic,419.13,10.48,6,1.51,13.19,1.99,19.15,9.43
758,32,104.03,0,1115.37,1427.07,1104.87,644.3,18,Mythic,420.17,10.51,6,1.46,13.14,2,19.08,9.42
759,32.02,105.68,0,1116.83,1429.04,1106.31,645.04,18,Mythic,419.53,10.52,6,1.55,13.28,2,19.22,9.39
760,32.04,102.39,0,1118.28,1431.01,1107.76,645.73,18,Mythic,419.45,10.52,6,1.57,13.26,2,18.87,9.39
761,32.09,105.72,0,1119.73,1432.98,1109.2,646.47,18,Mythic,419.45,10.53,6,1.57,13.38,2,19.16,9.38
762,32.16,104.05,0,1121.16,1434.96,1110.68,647.2,18,Mythic,419.69,10.48,6,1.52,13.06,2,19.02,9.45
763,32.25,104.46,0,1122.66,1436.93,1112.09,647.94,18,Mythic,421.06,10.56,6,1.51,13.34,2,19.04,9.39
764,32.35,104.49,0,1124.06,1438.89,1113.59,648.65,18,Mythic,420.99,10.47,6,1.43,12.84,1.99,18.77,9.49
765,32.5,105.53,0,1125.53,1440.87,1115,649.38,18,Mythic,421.23,10.53,6,1.5,13.14,2,18.92,9.43
766,32.63,102.6,0,1126.96,1442.84,1116.49,650.07,18,Mythic,420.35,10.47,6,1.54,12.92,2,18.74,9.47
767,32.76,104.27,0,1128.46,1444.8,1117.91,650.79,18,Mythic,421.35,10.55,6,1.57,13.28,1.99,19,9.41
768,32.85,105.64,0,1129.88,1446.78,1119.38,651.53,18,Mythic,420.7,10.49,6,1.51,13.09,2,19.26,9.46
769,32.91,102.7,0,1131.34,1448.75,1120.82,652.24,18,Mythic,421.46,10.52,6,1.53,13.12,1.99,18.77,9.44
770,32.95,105.73,0,1132.79,1450.7,1122.27,652.99,18,Mythic,421.87,10.51,6,1.48,13.11,1.99,19.1,9.46
771,32.97,107.02,0,1134.23,1452.67,1123.73,653.75,18,Mythic,421.49,10.5,6,1.48,13.04,1.99,19.12,9.45
772,33,104.35,0,1135.69,1454.65,1125.18,654.45,18,Mythic,421.54,10.51,6,1.51,13,2,18.83,9.46
773,33,103.58,0,1137.12,1456.61,1126.62,655.16,18,Mythic,422.36,10.49,6,1.54,12.85,2,18.72,9.49
774,33,106.79,0,1138.59,1458.58,1128.06,655.92,18,Mythic,423.13,10.52,6,1.49,12.91,2,19.32,9.48
775,33,101.3,0,1140.02,1460.56,1129.52,656.61,18,Mythic,422.56,10.5,6,1.53,12.89,2,18.66,9.48
776,33,105.12,0,1141.49,1462.54,1130.98,657.35,18,Mythic,422.68,10.51,6,1.53,12.98,2,19.22,9.47
777,33,105.3,0,1142.93,1464.51,1132.43,658.1,18,Mythic,422.57,10.5,6,1.45,12.9,2,19.23,9.48
778,33,103.47,0,1144.38,1466.48,1133.87,658.79,18,Mythic,422.84,10.51,6,1.51,12.88,2,18.73,9.49
779,33,106.92,0,1145.83,1468.46,1135.31,659.54,18,Mythic,422.98,10.52,6,1.52,12.96,2,19.3,9.48
780,33,104.41,0,1147.26,1470.45,1136.78,660.27,18,Mythic,421.93,10.48,6,1.52,12.88,1.99,19.06,9.48
781,33,104.94,0,1148.73,1472.42,1138.2,660.98,18,Mythic,422.24,10.53,6,1.56,13.06,2,18.93,9.45
782,33,105.19,0,1150.17,1474.38,1139.67,661.7,18,Mythic,421.63,10.5,6,1.52,12.94,2,19.13,9.47
783,33,104.4,0,1151.64,1476.37,1141.09,662.41,18,Mythic,422.53,10.55,6,1.51,13.12,2,18.92,9.44
784,33,104.36,0,1153.05,1478.33,1142.57,663.15,18,Mythic,420.96,10.48,6,1.5,13.01,2,19.02,9.47
785,33,102.92,0,1154.54,1480.3,1144,663.84,18,Mythic,421.93,10.53,6,1.58,13.17,2,18.7,9.44
786,33,106.38,0,1155.97,1482.25,1145.49,664.58,18,Mythic,422.11,10.48,6,1.51,12.89,1.99,19.07,9.5
787,33,104.09,0,1157.46,1484.23,1146.92,665.29,18,Mythic,423.12,10.54,6,1.56,13.11,2,18.81,9.45
788,33,105.52,0,1158.87,1486.2,1148.4,666.02,18,Mythic,422.8,10.47,6,1.51,12.83,1.99,19,9.53
789,33,104.02,0,1160.35,1488.16,1149.83,666.74,18,Mythic,423.27,10.53,6,1.5,12.96,1.99,18.95,9.48
790,33,102.47,0,1161.79,1490.13,1151.31,667.43,18,Mythic,421.89,10.48,6,1.63,12.99,1.99,18.85,9.49
791,33,104.6,0,1163.26,1492.08,1152.74,668.16,18,Mythic,422.99,10.53,6,1.58,13.03,2,19.15,9.47
792,33,104.5,0,1164.71,1494.07,1154.19,668.88,18,Mythic,423.25,10.52,6,1.5,13.04,2,19.1,9.48
793,33,103.83,0,1166.15,1496.03,1155.65,669.58,18,Mythic,422.99,10.5,6,1.53,12.97,2,18.84,9.5
794,33.02,106.72,0,1167.62,1498,1157.09,670.34,18,Mythic,423.19,10.53,6,1.52,13.07,2,19.42,9.47
795,33.05,104.17,0,1169.05,1499.98,1158.57,671.07,18,Mythic,422.11,10.49,6,1.48,12.99,2,19.11,9.48
796,33.1,104.75,0,1170.51,1501.95,1159.99,671.8,18,Mythic,422.42,10.52,6,1.51,13.07,2,19.09,9.47
797,33.17,104.62,0,1171.95,1503.91,1161.44,672.52,18,Mythic,422.36,10.51,6,1.53,13.13,2,19.02,9.48
798,33.27,104.35,0,1173.4,1505.9,1162.89,673.23,18,Mythic,422.09,10.52,6,1.57,13.17,2,18.95,9.46
799,33.38,105.82,0,1174.84,1507.86,1164.35,673.97,18,Mythic,422.42,10.5,6,1.47,13.01,2,19.14,9.49
800,33.51,103.79,0,1176.32,1509.84,1165.78,674.68,18,Mythic,424.13,10.54,6,1.52,12.96,2,18.92,9.49
801,33.64,105.14,0,1177.73,1511.8,1167.26,675.41,18,Mythic,422.69,10.47,6,1.55,12.9,1.99,18.95,9.53
802,33.76,102.43,0,1179.21,1513.78,1168.69,676.12,18,Mythic,423.84,10.52,6,1.56,12.95,2,18.96,9.49
803,33.84,104.05,0,1180.65,1515.74,1170.15,676.82,18,Mythic,423.55,10.5,6,1.57,12.97,1.99,18.91,9.5
804,33.92,106.37,0,1182.1,1517.7,1171.62,677.57,18,Mythic,423.2,10.48,6,1.49,12.88,2,19.19,9.52
805,33.95,105.35,0,1183.55,1519.68,1173.03,678.29,18,Mythic,423.85,10.53,6,1.51,12.86,1.99,19.17,9.49
806,33.97,104.85,0,1184.97,1521.65,1174.49,679,18,Mythic,423.8,10.48,6,1.51,12.67,2,19.15,9.53
807,33.99,106.1,0,1186.46,1523.62,1175.91,679.71,18,Mythic,425.03,10.56,6,1.58,13,2,19.18,9.48
808,34,105.38,0,1187.86,1525.59,1177.43,680.44,18,Mythic,423.65,10.43,6,1.46,12.65,2,19.29,9.58
809,34,104.78,0,1189.4,1527.56,1178.79,681.15,18,Mythic,425.75,10.61,6,1.55,13.22,2,19.19,9.46
810,34,105.94,0,1190.76,1529.53,1180.32,681.89,18,Mythic,423.78,10.44,6,1.47,12.65,2,19.14,9.57
811,34,102.68,0,1192.28,1531.5,1181.7,682.58,18,Mythic,424.91,10.57,6,1.57,13.12,2,18.7,9.47
812,34,105.62,0,1193.66,1533.46,1183.24,683.31,18,Mythic,422.98,10.42,6,1.48,12.66,1.99,19.08,9.58
813,34,103.15,0,1195.21,1535.44,1184.62,684.01,18,Mythic,425.29,10.59,6,1.55,13.21,2,18.96,9.46
814,34,104.74,0,1196.57,1537.4,1186.15,684.73,18,Mythic,423.21,10.42,6,1.5,12.64,1.99,19.07,9.58
815,34,103.65,0,1198.09,1539.39,1187.5,685.43,18,Mythic,424.39,10.59,6,1.6,13.3,2,18.78,9.45
816,34,105.23,0,1199.46,1541.34,1189.02,686.15,18,Mythic,423.38,10.44,6,1.5,12.67,1.99,18.97,9.58
817,34,105.47,0,1201,1543.31,1190.41,686.88,18,Mythic,423.77,10.6,6,1.61,13.37,2,19.14,9.43
818,34,105.09,0,1202.37,1545.29,1191.95,687.6,18,Mythic,421.27,10.42,6,1.49,12.87,1.99,18.95,9.54
819,34,104.55,0,1203.9,1547.24,1193.3,688.31,18,Mythic,424.24,10.6,6,1.58,13.39,2,18.81,9.43
820,34,104.52,0,1205.28,1549.21,1194.84,689.01,18,Mythic,422.2,10.44,6,1.55,12.86,1.99,18.78,9.54
821,34,104.92,0,1206.8,1551.19,1196.24,689.73,18,Mythic,424.02,10.57,6,1.6,13.3,2,18.9,9.45
822,34,103.88,0,1208.2,1553.14,1197.75,690.43,18,Mythic,422.36,10.45,6,1.53,12.88,1.99,18.66,9.54
823,34,105.32,0,1209.71,1555.12,1199.15,691.14,18,Mythic,423.67,10.56,6,1.63,13.36,2,18.78,9.46
824,34,105.39,0,1211.11,1557.1,1200.66,691.85,18,Mythic,422.38,10.45,6,1.53,12.93,2,18.95,9.54
825,34,103.56,0,1212.6,1559.07,1202.04,692.55,18,Mythic,423.8,10.56,6,1.64,13.4,2,18.76,9.45
826,34,105.5,0,1214,1561.03,1203.54,693.29,18,Mythic,422.83,10.46,6,1.53,12.98,2,19.12,9.54
827,34,106.29,0,1215.49,1563.02,1204.95,694.04,18,Mythic,424.41,10.54,6,1.42,13.2,2,19.34,9.48
828,34,106.46,0,1216.91,1564.98,1206.43,694.78,18,Mythic,423.91,10.48,6,1.43,12.91,1.99,19.18,9.54
829,34.02,103.96,0,1218.38,1566.95,1207.84,695.48,18,Mythic,424.73,10.54,6,1.61,13.1,2,18.83,9.5
830,34.05,104.03,0,1219.81,1568.91,1209.33,696.18,18,Mythic,424.2,10.47,6,1.61,12.91,1.99,18.92,9.56
831,34.1,103.29,0,1221.29,1570.88,1210.75,696.87,18,Mythic,424.96,10.54,6,1.59,13.19,2,18.88,9.5
832,34.19,105.19,0,1222.73,1572.85,1212.22,697.61,18,Mythic,424.08,10.5,6,1.56,13.11,2,19.2,9.53
833,34.27,103.92,0,1224.18,1574.81,1213.65,698.33,18,Mythic,425.51,10.53,6,1.48,12.93,2,18.98,9.53
834,34.41,107.45,0,1225.63,1576.78,1215.13,699.09,18,Mythic,424.61,10.5,6,1.49,12.92,2,19.3,9.55
835,34.52,105.3,0,1227.1,1578.75,1216.58,699.81,18,Mythic,425.14,10.52,6,1.49,12.95,2,18.97,9.53
836,34.63,104.73,0,1228.54,1580.72,1218.05,700.52,18,Mythic,425.21,10.49,6,1.53,12.8,1.99,18.76,9.57
837,34.76,105.22,0,1230.01,1582.7,1219.48,701.22,18,Mythic,424.98,10.53,6,1.58,13.09,2,18.75,9.52
838,34.85,104.54,0,1231.46,1584.64,1220.95,701.93,18,Mythic,424.58,10.5,6,1.54,13.03,1.99,18.6,9.54
839,34.91,106.67,0,1232.92,1586.61,1222.41,702.66,18,Mythic,424.02,10.51,6,1.52,13.26,2,18.9,9.5
840,34.95,104.82,0,1234.36,1588.58,1223.87,703.36,18,Mythic,424.07,10.49,6,1.57,13.14,1.99,18.56,9.53
841,34.97,103.21,0,1235.81,1590.56,1225.28,704.06,18,Mythic,425.71,10.53,6,1.56,13.09,2,18.6,9.53
842,35,106.7,0,1237.24,1592.52,1226.75,704.82,18,Mythic,425.15,10.49,6,1.45,12.98,1.99,19.02,9.56
843,35,106.24,0,1238.71,1594.49,1228.2,705.56,18,Mythic,425.09,10.5,6,1.49,12.95,2,19.01,9.54
844,35,104.45,0,1240.15,1596.46,1229.65,706.26,18,Mythic,425.03,10.5,6,1.55,12.91,1.99,18.74,9.54
845,35,106.92,0,1241.61,1598.44,1231.1,706.99,18,Mythic,424.65,10.51,6,1.53,12.96,1.99,19.09,9.52
846,35,103.33,0,1243.05,1600.4,1232.54,707.67,18,Mythic,425.26,10.52,6,1.55,12.92,1.99,18.44,9.53
847,35,106.22,0,1244.5,1602.36,1234,708.4,18,Mythic,425.54,10.51,6,1.5,12.91,1.99,18.89,9.55
848,35,103.32,0,1245.96,1604.31,1235.44,709.1,18,Mythic,425.41,10.51,6,1.52,12.94,1.99,18.59,9.54
849,35,107.75,0,1247.39,1606.28,1236.9,709.84,18,Mythic,425,10.49,6,1.48,12.92,2,19,9.55
850,35,103.15,0,1248.85,1608.25,1238.33,710.52,18,Mythic,425.46,10.53,6,1.53,13.03,1.99,18.56,9.52
851,35,105.95,0,1250.3,1610.22,1239.79,711.25,18,Mythic,425.44,10.51,6,1.52,12.98,2,19,9.54
852,35,104.72,0,1251.75,1612.19,1241.24,711.97,18,Mythic,425.77,10.51,6,1.44,12.88,2,18.93,9.56
853,35,105.43,0,1253.19,1614.16,1242.67,712.68,18,Mythic,425.76,10.52,6,1.53,12.99,2,18.69,9.53
854,35,105.81,0,1254.63,1616.12,1244.13,713.41,18,Mythic,424.81,10.5,6,1.52,12.97,1.99,18.94,9.54
855,35,106.43,0,1256.09,1618.08,1245.59,714.13,18,Mythic,424.61,10.5,6,1.49,12.97,2,18.9,9.53
856,35,104.84,0,1257.53,1620.05,1247.04,714.85,18,Mythic,424.82,10.5,6,1.48,12.86,2,18.91,9.54
857,35,105.53,0,1258.99,1622.03,1248.48,715.55,18,Mythic,425.85,10.52,6,1.59,12.86,2,18.86,9.55
858,35,104.21,0,1260.44,1624,1249.94,716.25,18,Mythic,425.39,10.5,6,1.57,12.9,2,18.83,9.55
859,35,106.01,0,1261.89,1625.97,1251.38,716.97,18,Mythic,424.83,10.51,6,1.53,13.04,2,19,9.53
860,35,104.96,0,1263.35,1627.95,1252.82,717.69,18,Mythic,424.88,10.52,6,1.54,13.08,2,19.01,9.53
861,35,105.85,0,1264.78,1629.93,1254.28,718.4,18,Mythic,424.98,10.49,6,1.58,12.95,2,18.91,9.56
862,35,104.92,0,1266.25,1631.91,1255.71,719.1,18,Mythic,426.54,10.54,6,1.55,13.14,2,18.79,9.54
863,35.01,105.84,0,1267.67,1633.88,1257.19,719.82,18,Mythic,426.68,10.48,6,1.49,12.81,2,19.04,9.6
864,35.03,105.98,0,1269.13,1635.85,1258.62,720.55,18,Mythic,426.42,10.52,6,1.48,12.98,1.99,19.05,9.55
865,35.06,105.18,0,1270.58,1637.83,1260.07,721.28,18,Mythic,426.16,10.51,6,1.54,12.95,2,19.03,9.56
866,35.1,103.69,0,1272.02,1639.79,1261.51,721.98,18,Mythic,426.19,10.52,6,1.53,12.96,2,18.81,9.56
867,35.18,107.59,0,1273.45,1641.75,1262.95,722.73,18,Mythic,425.79,10.5,6,1.54,12.97,2,19.13,9.56
868,35.28,104.32,0,1274.92,1643.72,1264.41,723.43,18,Mythic,426.4,10.51,6,1.53,12.89,2,18.88,9.57
869,35.42,104.66,0,1276.37,1645.68,1265.88,724.13,18,Mythic,425.93,10.49,6,1.56,12.86,2,18.91,9.58
870,35.53,108.22,0,1277.84,1647.65,1267.3,724.89,18,Mythic,426.1,10.54,6,1.6,13.09,2,19.41,9.54
871,35.64,106.81,0,1279.27,1649.62,1268.78,725.62,18,Mythic,425.34,10.49,6,1.47,12.91,2,19.11,9.58
872,35.76,103.44,0,1280.75,1651.59,1270.21,726.29,18,Mythic,425.53,10.54,6,1.6,13.06,2,18.58,9.53
873,35.85,106.57,0,1282.17,1653.55,1271.69,727.03,18,Mythic,424.8,10.48,6,1.52,12.9,2,19.11,9.57
874,35.91,106.68,0,1283.65,1655.52,1273.12,727.77,18,Mythic,425.51,10.53,6,1.49,12.99,2,19.29,9.54
875,35.95,105.87,0,1285.07,1657.49,1274.6,728.5,18,Mythic,424.56,10.47,6,1.5,12.82,2,19.08,9.57
876,35.97,104.92,0,1286.55,1659.47,1276.01,729.19,18,Mythic,425.69,10.53,6,1.57,13.09,1.99,18.85,9.54
877,36,105.19,0,1287.98,1661.44,1277.49,729.9,18,Mythic,425.51,10.49,6,1.56,12.94,2,19.1,9.56
878,36,105.32,0,1289.45,1663.4,1278.92,730.62,18,Mythic,425.94,10.53,6,1.49,13.13,1.99,19.03,9.54
879,36,109.82,0,1290.87,1665.38,1280.4,731.4,18,Mythic,425.36,10.47,6,1.45,12.92,2,19.55,9.58
880,36,103.79,0,1292.36,1667.36,1281.8,732.07,18,Mythic,426.79,10.56,6,1.57,13.16,2,18.73,9.54
881,36,103.21,0,1293.76,1669.32,1283.27,732.76,18,Mythic,426.04,10.49,6,1.62,12.91,1.99,18.69,9.58
882,36,106.98,0,1295.24,1671.29,1284.72,733.5,18,Mythic,425.94,10.52,6,1.51,13.11,2,19.23,9.56
883,36,106.51,0,1296.69,1673.27,1286.17,734.24,18,Mythic,425.98,10.52,6,1.45,13.06,2,19.14,9.56
884,36,106.43,0,1298.15,1675.24,1287.63,734.96,18,Mythic,425.5,10.53,6,1.48,13.15,1.99,18.9,9.55
885,36,106.36,0,1299.58,1677.21,1289.07,735.69,18,Mythic,425.64,10.51,6,1.49,13.06,2,18.68,9.57
886,36,105.42,0,1301.04,1679.17,1290.52,736.39,18,Mythic,426.31,10.52,6,1.6,13.12,1.99,18.59,9.57
887,36,106.35,0,1302.47,1681.14,1291.97,737.13,18,Mythic,425.13,10.5,6,1.56,13.04,2,18.66,9.56
888,36,105.29,0,1303.94,1683.1,1293.42,737.82,18,Mythic,425.44,10.52,6,1.57,13.11,1.99,18.35,9.56
889,36,105.22,0,1305.38,1685.07,1294.88,738.52,18,Mythic,424.4,10.5,6,1.58,13.14,2,18.46,9.55
890,36,106.3,0,1306.85,1687.04,1296.3,739.26,18,Mythic,424.32,10.54,6,1.5,13.39,1.99,18.64,9.51
891,36,104.98,0,1308.24,1688.98,1297.78,739.98,18,Mythic,423.76,10.46,6,1.44,13.03,1.99,18.3,9.58
892,36,105.55,0,1309.72,1690.94,1299.2,740.69,18,Mythic,424.75,10.52,6,1.54,13.27,2,18.41,9.53
893,36,105.56,0,1311.17,1692.91,1300.67,741.4,18,Mythic,424.08,10.5,6,1.6,13.29,1.99,18.59,9.53
894,36,105.28,0,1312.63,1694.86,1302.11,742.1,18,Mythic,424.66,10.53,6,1.59,13.26,2,18.47,9.52
895,36,105.29,0,1314.06,1696.83,1303.59,742.82,18,Mythic,424.18,10.47,6,1.56,13.01,1.99,18.63,9.57
896,36,108.29,0,1315.55,1698.79,1305.01,743.55,18,Mythic,425.84,10.54,6,1.57,13.25,2,18.92,9.53
897,36.01,105.28,0,1316.98,1700.77,1306.49,744.26,18,Mythic,425.26,10.48,6,1.5,12.91,2,18.82,9.57
898,36.02,107.16,0,1318.44,1702.73,1307.89,744.99,18,Mythic,425.77,10.55,6,1.58,13.2,2,18.68,9.52
899,36.03,104.09,0,1319.86,1704.69,1309.39,745.67,18,Mythic,425.13,10.47,6,1.51,12.92,1.99,18.44,9.58
900,36.07,106.44,0,1321.33,1706.65,1310.81,746.39,18,Mythic,426.52,10.52,6,1.58,13,2,18.71,9.56
901,36.11,104.8,0,1322.77,1708.61,1312.27,747.09,18,Mythic,426.44,10.5,6,1.57,12.95,2,18.6,9.57
902,36.2,106.38,0,1324.23,1710.58,1313.72,747.81,18,Mythic,426.27,10.51,6,1.55,13.06,2,18.81,9.56
903,36.33,105.13,0,1325.68,1712.54,1315.18,748.51,18,Mythic,425.84,10.49,6,1.56,12.97,1.99,18.63,9.57
904,36.41,102.44,0,1327.16,1714.51,1316.62,749.18,18,Mythic,426.38,10.54,6,1.63,13.14,2,18.52,9.54
905,36.53,106.93,0,1328.57,1716.48,1318.13,749.93,18,Mythic,424.64,10.44,6,1.46,12.93,2,19.17,9.6
906,36.64,105.72,0,1330.08,1718.46,1319.51,750.65,18,Mythic,426.53,10.57,6,1.5,13.32,2,18.98,9.5
907,36.75,107.27,0,1331.47,1720.43,1321.04,751.39,18,Mythic,425.76,10.43,6,1.47,12.66,2,19.24,9.64
908,36.84,103.32,0,1333,1722.41,1322.43,752.08,18,Mythic,427.35,10.57,6,1.58,13.23,2,18.98,9.52
909,36.88,105.65,0,1334.39,1724.38,1323.95,752.8,18,Mythic,425.5,10.44,6,1.54,12.83,2,19.15,9.62
910,36.94,104.92,0,1335.9,1726.34,1325.33,753.5,18,Mythic,426.97,10.57,6,1.57,13.29,2,18.89,9.52
911,36.97,106.45,0,1337.3,1728.32,1326.84,754.23,18,Mythic,426.07,10.46,6,1.45,12.87,2,19.26,9.61
912,36.99,105.13,0,1338.79,1730.31,1328.23,754.95,18,Mythic,427.31,10.56,6,1.49,13.15,2,19.11,9.53
913,37,105.06,0,1340.2,1732.28,1329.73,755.66,18,Mythic,425.88,10.47,6,1.48,12.81,2,19,9.6
914,37,103.01,0,1341.67,1734.26,1331.15,756.35,18,Mythic,426.55,10.52,6,1.53,13.02,2,18.81,9.55
915,37,107.15,0,1343.11,1736.23,1332.59,757.08,18,Mythic,426.39,10.52,6,1.56,13.15,2,19.31,9.55
916,37,104.46,0,1344.54,1738.2,1334.04,757.79,18,Mythic,426.79,10.5,6,1.54,13.02,2,18.92,9.58
917,37,108.58,0,1346.01,1740.18,1335.49,758.54,18,Mythic,426.55,10.52,6,1.46,13.2,2,19.34,9.55
918,37,105.06,0,1347.46,1742.15,1336.96,759.24,18,Mythic,425.98,10.5,6,1.51,13.18,2,18.92,9.55
919,37,104.4,0,1348.94,1744.14,1338.42,759.94,18,Mythic,426.01,10.52,6,1.59,13.16,2,18.99,9.54
920,37,103.92,0,1350.37,1746.11,1339.88,760.64,18,Mythic,426.37,10.49,6,1.58,13,1.99,18.88,9.58
921,37,106.73,0,1351.85,1748.08,1341.3,761.37,18,Mythic,426.8,10.55,6,1.57,13.3,2,19.03,9.53
922,37,104.32,0,1353.25,1750.03,1342.81,762.09,18,Mythic,426.47,10.44,6,1.46,12.71,2,18.88,9.63
923,37,105.42,0,1354.77,1752.01,1344.2,762.79,18,Mythic,427.87,10.56,6,1.59,13.22,2,18.8,9.53
924,37,104.44,0,1356.17,1753.98,1345.71,763.48,18,Mythic,427.44,10.46,6,1.55,12.73,2,18.67,9.65
925,37,106,0,1357.66,1755.94,1347.11,764.2,18,Mythic,427.98,10.55,6,1.57,13.1,2,18.85,9.57
926,37,104.62,0,1359.08,1757.91,1348.61,764.9,18,Mythic,427.45,10.47,6,1.53,12.74,1.99,18.63,9.65
927,37,104.28,0,1360.56,1759.87,1350.03,765.59,18,Mythic,427.76,10.53,6,1.64,13.07,2,18.55,9.57
928,37,108.83,0,1361.99,1761.83,1351.5,766.34,18,Mythic,426.76,10.49,6,1.51,13.04,2,19.13,9.59
929,37,104.47,0,1363.47,1763.8,1352.92,767.02,18,Mythic,427.47,10.54,6,1.55,13.18,2,18.44,9.56
930,37,104.92,0,1364.89,1765.78,1354.43,767.71,18,Mythic,426.48,10.45,6,1.56,12.84,2,18.52,9.63
931,37,104.4,0,1366.38,1767.74,1355.82,768.39,18,Mythic,427.97,10.55,6,1.63,13.17,1.99,18.39,9.56
932,37.01,104.53,0,1367.78,1769.71,1357.32,769.09,18,Mythic,426.69,10.46,6,1.54,12.87,2,18.73,9.62
933,37.01,105.96,0,1369.28,1771.68,1358.71,769.81,18,Mythic,428.08,10.57,6,1.57,13.28,1.99,18.74,9.55
934,37.03,107.58,0,1370.68,1773.64,1360.24,770.55,18,Mythic,425.95,10.44,6,1.47,12.82,1.99,18.98,9.62
935,37.08,104.32,0,1372.19,1775.61,1361.63,771.25,18,Mythic,427.71,10.56,6,1.52,13.16,2,18.64,9.55
936,37.14,103.88,0,1373.59,1777.57,1363.12,771.93,18,Mythic,427.13,10.47,6,1.59,12.75,2,18.49,9.64
937,37.21,105.59,0,1375.08,1779.52,1364.53,772.64,18,Mythic,427.65,10.55,6,1.57,13.15,1.99,18.73,9.56
938,37.32,106.21,0,1376.48,1781.49,1366.02,773.37,18,Mythic,426.54,10.45,6,1.5,12.79,2,18.87,9.64
939,37.45,104.96,0,1377.99,1783.45,1367.42,774.07,18,Mythic,427.69,10.57,6,1.5,13.13,1.99,18.71,9.56
940,37.55,106.01,0,1379.41,1785.42,1368.93,774.78,18,Mythic,427.52,10.48,6,1.54,12.84,2,18.62,9.64
941,37.63,104.59,0,1380.88,1787.39,1370.36,775.48,18,Mythic,427.16,10.52,6,1.55,13.01,1.99,18.57,9.6
942,37.74,106.18,0,1382.32,1789.35,1371.83,776.2,18,Mythic,427.03,10.49,6,1.54,12.92,2,18.85,9.61
943,37.82,105.97,0,1383.77,1791.31,1373.26,776.93,18,Mythic,427.6,10.51,6,1.52,12.92,2,18.89,9.59
944,37.89,104.4,0,1385.23,1793.29,1374.71,777.63,18,Mythic,428.29,10.52,6,1.56,12.88,2,18.82,9.6
945,37.94,105.25,0,1386.67,1795.23,1376.16,778.33,18,Mythic,428.89,10.51,6,1.52,12.7,1.99,18.68,9.63
946,37.98,106.02,0,1388.14,1797.18,1377.61,779.06,18,Mythic,429.02,10.52,6,1.52,12.94,1.99,18.8,9.61
947,37.99,105.6,0,1389.57,1799.16,1379.09,779.77,18,Mythic,428.66,10.49,6,1.54,12.74,2,18.7,9.65
948,38,105.92,0,1391.03,1801.11,1380.52,780.48,18,Mythic,428.96,10.51,6,1.55,12.8,1.99,18.73,9.63
949,38,105.25,0,1392.46,1803.07,1381.97,781.17,18,Mythic,427.62,10.49,6,1.56,12.81,1.99,18.59,9.61
950,38,105.33,0,1393.94,1805.03,1383.4,781.87,18,Mythic,428.84,10.54,6,1.58,12.98,1.99,18.74,9.59
951,38,104.77,0,1395.37,1806.98,1384.89,782.57,18,Mythic,428.65,10.48,6,1.49,12.69,1.99,18.7,9.65
952,38,106.12,0,1396.83,1808.95,1386.3,783.29,18,Mythic,429.38,10.53,6,1.55,12.8,1.99,18.94,9.62
953,38,106.01,0,1398.24,1810.93,1387.75,784,18,Mythic,428.44,10.49,6,1.56,12.71,2,18.82,9.63
954,38,104.32,0,1399.7,1812.89,1389.19,784.69,18,Mythic,428.63,10.51,6,1.57,12.8,2,18.7,9.62
955,38,105.6,0,1401.15,1814.86,1390.63,785.38,18,Mythic,428.48,10.52,6,1.64,12.85,2,18.83,9.61
956,38,105.98,0,1402.6,1816.82,1392.08,786.09,18,Mythic,428.63,10.52,6,1.57,12.94,1.99,18.8,9.61
957,38,107.79,0,1404.04,1818.79,1393.53,786.83,18,Mythic,428.41,10.5,6,1.51,12.89,2,19.08,9.62
958,38,105.43,0,1405.5,1820.74,1394.98,787.53,18,Mythic,428.19,10.52,6,1.51,12.95,1.99,18.69,9.6
959,38,108.53,0,1406.94,1822.71,1396.43,788.27,18,Mythic,428.28,10.52,6,1.56,13.01,2,19.14,9.6
960,38,105.39,0,1408.38,1824.67,1397.91,788.96,18,Mythic,427.3,10.47,6,1.53,12.83,1.99,18.7,9.64
961,38,105.17,0,1409.87,1826.64,1399.31,789.66,18,Mythic,428.64,10.56,6,1.65,13.11,2,18.69,9.58
962,38,106.58,0,1411.29,1828.61,1400.83,790.39,18,Mythic,427.4,10.46,6,1.52,12.73,2,19.11,9.66
963,38,106.73,0,1412.78,1830.58,1402.22,791.11,18,Mythic,428.76,10.56,6,1.51,13.06,2,18.9,9.59
964,38,104.92,0,1414.17,1832.55,1403.72,791.79,18,Mythic,426.83,10.46,6,1.48,12.86,2,18.54,9.64
965,38,106.19,0,1415.66,1834.52,1405.11,792.51,18,Mythic,428.32,10.55,6,1.62,13.22,2,18.92,9.57
966,38,106.71,0,1417.07,1836.49,1406.6,793.23,18,Mythic,426.98,10.47,6,1.5,12.95,2,19.02,9.62
967,38.01,104.27,0,1418.56,1838.45,1408,793.91,18,Mythic,427.87,10.56,6,1.64,13.32,2,18.55,9.54
968,38.02,105,0,1419.95,1840.42,1409.52,794.61,18,Mythic,426.74,10.43,6,1.56,12.86,2,18.78,9.65
969,38.05,104.98,0,1421.48,1842.38,1410.89,795.32,18,Mythic,429.2,10.58,6,1.6,13.33,1.99,18.88,9.55
970,38.08,105.26,0,1422.87,1844.35,1412.43,796.03,18,Mythic,427.43,10.44,6,1.52,12.79,2,18.95,9.66
971,38.14,106.17,0,1424.39,1846.31,1413.81,796.75,18,Mythic,428.91,10.58,6,1.55,13.33,1.99,18.94,9.55
972,38.21,107.05,0,1425.78,1848.29,1415.33,797.49,18,Mythic,427.08,10.45,6,1.47,12.85,2,19.1,9.65
973,38.32,105.83,0,1427.29,1850.26,1416.72,798.2,18,Mythic,429.05,10.58,6,1.55,13.26,2,18.77,9.56
974,38.44,105.83,0,1428.66,1852.23,1418.23,798.89,18,Mythic,426.93,10.43,6,1.52,12.76,2,18.62,9.67
975,38.53,104.81,0,1430.18,1854.2,1419.61,799.59,18,Mythic,428.4,10.57,6,1.63,13.26,2,18.79,9.55
976,38.62,103.24,0,1431.57,1856.16,1421.13,800.27,18,Mythic,427.22,10.44,6,1.58,12.84,2,18.54,9.65
977,38.73,107.52,0,1433.08,1858.14,1422.5,801,18,Mythic,428.54,10.58,6,1.62,13.31,2,19.13,9.55
978,38.81,104.52,0,1434.47,1860.1,1424.02,801.69,18,Mythic,427.76,10.45,6,1.51,12.75,1.99,18.7,9.66
979,38.88,107.5,0,1435.98,1862.08,1425.41,802.41,18,Mythic,429.23,10.57,6,1.59,13.18,2,18.92,9.58
980,38.93,105.42,0,1437.37,1864.05,1426.92,803.11,18,Mythic,427.07,10.46,6,1.44,12.84,2,18.77,9.65
981,38.97,104.62,0,1438.88,1866.01,1428.32,803.82,18,Mythic,428.2,10.56,6,1.58,13.12,2,18.8,9.58
982,38.98,105.18,0,1440.28,1867.98,1429.83,804.51,18,Mythic,426.8,10.45,6,1.51,12.77,2,18.8,9.65
983,38.99,108.54,0,1441.79,1869.94,1431.22,805.25,18,Mythic,429.14,10.58,6,1.57,13.28,1.99,19.04,9.57
984,39,105.6,0,1443.18,1871.91,1432.75,805.94,18,Mythic,427.45,10.43,6,1.49,12.69,2,18.84,9.67
985,39,106.71,0,1444.72,1873.87,1434.11,806.66,18,Mythic,429.79,10.61,6,1.61,13.33,1.99,18.92,9.55
986,39,105.46,0,1446.09,1875.84,1435.69,807.37,18,Mythic,426.9,10.4,6,1.49,12.64,2,18.94,9.68
987,39,105.81,0,1447.65,1877.81,1437.02,808.08,18,Mythic,429.12,10.63,6,1.62,13.48,1.99,18.8,9.52
988,39,106.26,0,1448.99,1879.78,1438.58,808.79,18,Mythic,426.96,10.41,6,1.53,12.58,1.99,18.77,9.69
989,39,106.77,0,1450.56,1881.74,1439.91,809.49,18,Mythic,429.33,10.65,6,1.6,13.52,1.99,18.58,9.51
990,39,107.05,0,1451.85,1883.71,1441.5,810.2,18,Mythic,425.88,10.35,6,1.5,12.49,1.99,18.59,9.73
991,39,106.28,0,1453.44,1885.67,1442.79,810.89,18,Mythic,430.06,10.65,6,1.69,13.43,2,18.59,9.52
992,39,108.02,0,1454.76,1887.64,1444.4,811.62,18,Mythic,426.49,10.36,6,1.45,12.46,2,19.03,9.73
993,39,103.77,0,1456.35,1889.62,1445.7,812.28,18,Mythic,430,10.65,6,1.64,13.45,1.99,18.4,9.53
994,39,108.16,0,1457.67,1891.58,1447.29,813.01,18,Mythic,426.44,10.37,6,1.53,12.68,2,19.07,9.71
995,39,106.23,0,1459.26,1893.55,1448.61,813.73,18,Mythic,429.51,10.65,6,1.61,13.65,1.99,18.94,9.5
996,39,110.53,0,1460.58,1895.52,1450.21,814.49,18,Mythic,426.59,10.38,6,1.38,12.67,2,19.41,9.7
997,39,103.48,0,1462.14,1897.49,1451.51,815.14,18,Mythic,429.85,10.64,6,1.56,13.55,2,18.34,9.52
998,39,108.72,0,1463.48,1899.46,1453.09,815.88,18,Mythic,426.47,10.39,6,1.51,12.75,2,19.15,9.69
999,39,102.65,0,1465.06,1901.43,1454.42,816.55,18,Mythic,429.07,10.63,6,1.66,13.64,2,18.59,9.51
1000,39,106.78,0,1466.4,1903.4,1456,817.27,18,Mythic,425.77,10.39,6,1.57,12.87,2,18.94,9.68